time,Symbol,Seqno,Price
1473411962,APPL,0,1623
1473411962,APPL,0,1623
1473411963,APPL,0,1623
1473411963,APPL,0,1623
1473411963,APPL,1,1649
1473411963,APPL,1,1649
1473411964,APPL,1,1649
1473411964,APPL,1,1649
1473411964,APPL,2,1642
1473411964,APPL,2,1642
1473411965,APPL,2,1642
1473411965,APPL,2,1642
1473411965,APPL,3,1636
1473411965,APPL,3,1636
1473411966,APPL,3,1636
1473411966,APPL,3,1636
1473411966,APPL,4,1669
1473411966,APPL,4,1669
1473411967,APPL,4,1669
1473411967,APPL,4,1669
1473411967,APPL,5,1639
1473411967,APPL,5,1639
1473411968,APPL,5,1639
1473411968,APPL,5,1639
1473411968,APPL,6,1611
1473411968,APPL,6,1611
1473411969,APPL,6,1611
1473411969,APPL,6,1611
1473411969,APPL,7,1660
1473411969,APPL,7,1660
1473411969,APPL,7,1660
1473411970,APPL,7,1660
1473411970,APPL,8,1657
1473411970,APPL,8,1657
1473411971,APPL,8,1657
1473411971,APPL,8,1657
1473411971,APPL,9,1509
1473411971,APPL,9,1509
1473411972,APPL,9,1509
1473411972,APPL,9,1509
1473411972,APPL,10,1514
1473411972,APPL,10,1514
1473411972,APPL,10,1514
1473411973,APPL,10,1514
1473411973,APPL,11,1676
1473411973,APPL,11,1676
1473411974,APPL,11,1676
1473411974,APPL,11,1676
1473411974,APPL,12,1596
1473411974,APPL,12,1596
1473411974,APPL,12,1596
1473411975,APPL,12,1596
1473411975,APPL,13,1527
1473411975,APPL,13,1527
1473411975,APPL,13,1527
1473411975,APPL,13,1527
1473411976,APPL,14,1643
1473411976,APPL,14,1643
1473411976,APPL,14,1643
1473411976,APPL,14,1643
1473411977,APPL,15,1632
1473411977,APPL,15,1632
1473411977,APPL,15,1632
1473411977,APPL,15,1632
1473411978,APPL,16,1595
1473411978,APPL,16,1595
1473411978,APPL,16,1595
1473411979,APPL,16,1595
1473411979,APPL,17,1565
1473411979,APPL,17,1565
1473411979,APPL,17,1565
1473411979,APPL,17,1565
1473411980,APPL,18,1521
1473411980,APPL,18,1521
1473411980,APPL,18,1521
1473411980,APPL,18,1521
1473411981,APPL,19,1501
1473411981,APPL,19,1501
1473411982,APPL,19,1501
1473411982,APPL,19,1501
1473411982,APPL,20,1579
1473411982,APPL,20,1579
1473411982,APPL,20,1579
1473411983,APPL,20,1579
1473411983,APPL,21,1511
1473411983,APPL,21,1511
1473411983,APPL,21,1511
1473411983,APPL,21,1511
1473411984,APPL,22,1513
1473411984,APPL,22,1513
1473411984,APPL,22,1513
1473411985,APPL,22,1513
1473411985,APPL,23,1687
1473411985,APPL,23,1687
1473411985,APPL,23,1687
1473411986,APPL,23,1687
1473411986,APPL,24,1539
1473411986,APPL,24,1539
1473411987,APPL,24,1539
1473411987,APPL,24,1539
1473411987,APPL,25,1682
1473411987,APPL,25,1682
1473411988,APPL,25,1682
1473411988,APPL,25,1682
1473411988,APPL,26,1534
1473411988,APPL,26,1534
1473411988,APPL,26,1534
1473411989,APPL,26,1534
1473411989,APPL,27,1628
1473411989,APPL,27,1628
1473411990,APPL,27,1628
1473411990,APPL,27,1628
1473411990,APPL,28,1582
1473411990,APPL,28,1582
1473411990,APPL,28,1582
1473411991,APPL,28,1582
1473411991,APPL,29,1540
1473411991,APPL,29,1540
1473411991,APPL,29,1540
1473411991,APPL,29,1540
1473411992,APPL,30,1631
1473411992,APPL,30,1631
1473411992,APPL,30,1631
1473411992,APPL,30,1631
1473411993,APPL,31,1541
1473411993,APPL,31,1541
1473411993,APPL,31,1541
1473411994,APPL,31,1541
1473411994,APPL,32,1593
1473411994,APPL,32,1593
1473411995,APPL,32,1593
1473411995,APPL,32,1593
1473411995,APPL,33,1578
1473411996,APPL,33,1578
1473411996,APPL,33,1578
1473411996,APPL,33,1578
1473411996,APPL,34,1522
1473411996,APPL,34,1522
1473411996,APPL,34,1522
1473411997,APPL,34,1522
1473411997,APPL,35,1543
1473411997,APPL,35,1543
1473411998,APPL,35,1543
1473411998,APPL,35,1543
1473411998,APPL,36,1668
1473411998,APPL,36,1668
1473411999,APPL,36,1668
1473411999,APPL,36,1668
1473411999,APPL,37,1517
1473411999,APPL,37,1517
1473411999,APPL,37,1517
1473412000,APPL,37,1517
1473412000,APPL,38,1573
1473412000,APPL,38,1573
1473412000,APPL,38,1573
1473412000,APPL,38,1573
1473412001,APPL,39,1638
1473412001,APPL,39,1638
1473412002,APPL,39,1638
1473412002,APPL,39,1638
1473412002,APPL,40,1687
1473412002,APPL,40,1687
1473412002,APPL,40,1687
1473412002,APPL,40,1687
1473412003,APPL,41,1662
1473412003,APPL,41,1662
1473412003,APPL,41,1662
1473412004,APPL,41,1662
1473412004,APPL,42,1593
1473412005,APPL,42,1593
1473412005,APPL,42,1593
1473412005,APPL,42,1593
1473412005,APPL,43,1650
1473412005,APPL,43,1650
1473412006,APPL,43,1650
1473412006,APPL,43,1650
1473412006,APPL,44,1683
1473412006,APPL,44,1683
1473412006,APPL,44,1683
1473412006,APPL,44,1683
1473412007,APPL,45,1612
1473412007,APPL,45,1612
1473412007,APPL,45,1612
1473412008,APPL,45,1612
1473412008,APPL,46,1698
1473412008,APPL,46,1698
1473412008,APPL,46,1698
1473412008,APPL,46,1698
1473412009,APPL,47,1553
1473412009,APPL,47,1553
1473412009,APPL,47,1553
1473412010,APPL,47,1553
1473412010,APPL,48,1674
1473412010,APPL,48,1674
1473412010,APPL,48,1674
1473412010,APPL,48,1674
1473412011,APPL,49,1677
1473412011,APPL,49,1677
1473412012,APPL,49,1677
1473412012,APPL,49,1677
1473412012,APPL,50,1635
1473412012,APPL,50,1635
1473412012,APPL,50,1635
1473412012,APPL,50,1635
1473412013,APPL,51,1531
1473412013,APPL,51,1531
1473412013,APPL,51,1531
1473412014,APPL,51,1531
1473412014,APPL,52,1621
1473412014,APPL,52,1621
1473412014,APPL,52,1621
1473412015,APPL,52,1621
1473412015,APPL,53,1614
1473412015,APPL,53,1614
1473412015,APPL,53,1614
1473412016,APPL,53,1614
1473412016,APPL,54,1540
1473412016,APPL,54,1540
1473412016,APPL,54,1540
1473412017,APPL,54,1540
1473412017,APPL,55,1545
1473412017,APPL,55,1545
1473412017,APPL,55,1545
1473412018,APPL,55,1545
1473412018,APPL,56,1549
1473412018,APPL,56,1549
1473412018,APPL,56,1549
1473412019,APPL,56,1549
1473412019,APPL,57,1540
1473412019,APPL,57,1540
1473412019,APPL,57,1540
1473412020,APPL,57,1540
1473412020,APPL,58,1500
1473412021,APPL,58,1500
1473412021,APPL,58,1500
1473412021,APPL,58,1500
1473412021,APPL,59,1579
1473412021,APPL,59,1579
1473412021,APPL,59,1579
1473412021,APPL,59,1579
1473412022,APPL,60,1549
1473412023,APPL,60,1549
1473412023,APPL,60,1549
1473412023,APPL,60,1549
1473412023,APPL,61,1612
1473412023,APPL,61,1612
1473412023,APPL,61,1612
1473412024,APPL,61,1612
1473412024,APPL,62,1516
1473412024,APPL,62,1516
1473412025,APPL,62,1516
1473412025,APPL,62,1516
1473412025,APPL,63,1553
1473412025,APPL,63,1553
1473412025,APPL,63,1553
1473412025,APPL,63,1553
1473412026,APPL,64,1684
1473412026,APPL,64,1684
1473412026,APPL,64,1684
1473412026,APPL,64,1684
1473412027,APPL,65,1586
1473412027,APPL,65,1586
1473412027,APPL,65,1586
1473412027,APPL,65,1586
1473412028,APPL,66,1577
1473412028,APPL,66,1577
1473412028,APPL,66,1577
1473412028,APPL,66,1577
1473412029,APPL,67,1651
1473412029,APPL,67,1651
1473412029,APPL,67,1651
1473412030,APPL,67,1651
1473412030,APPL,68,1510
1473412030,APPL,68,1510
1473412030,APPL,68,1510
1473412030,APPL,68,1510
1473412031,APPL,69,1506
1473412031,APPL,69,1506
1473412032,APPL,69,1506
1473412032,APPL,69,1506
1473412032,APPL,70,1672
1473412032,APPL,70,1672
1473412033,APPL,70,1672
1473412033,APPL,70,1672
1473412033,APPL,71,1658
1473412033,APPL,71,1658
1473412033,APPL,71,1658
1473412033,APPL,71,1658
1473412034,APPL,72,1682
1473412034,APPL,72,1682
1473412034,APPL,72,1682
1473412035,APPL,72,1682
1473412035,APPL,73,1665
1473412035,APPL,73,1665
1473412035,APPL,73,1665
1473412036,APPL,73,1665
1473412036,APPL,74,1560
1473412036,APPL,74,1560
1473412036,APPL,74,1560
1473412037,APPL,74,1560
1473412037,APPL,75,1657
1473412037,APPL,75,1657
1473412037,APPL,75,1657
1473412038,APPL,75,1657
1473412038,APPL,76,1595
1473412038,APPL,76,1595
1473412039,APPL,76,1595
1473412039,APPL,76,1595
1473412039,APPL,77,1525
1473412039,APPL,77,1525
1473412039,APPL,77,1525
1473412040,APPL,77,1525
1473412040,APPL,78,1533
1473412040,APPL,78,1533
1473412040,APPL,78,1533
1473412040,APPL,78,1533
1473412041,APPL,79,1590
1473412042,APPL,79,1590
1473412042,APPL,79,1590
1473412042,APPL,79,1590
1473412042,APPL,80,1541
1473412042,APPL,80,1541
1473412043,APPL,80,1541
1473412043,APPL,80,1541
1473412043,APPL,81,1539
1473412043,APPL,81,1539
1473412043,APPL,81,1539
1473412043,APPL,81,1539
1473412044,APPL,82,1672
1473412044,APPL,82,1672
1473412044,APPL,82,1672
1473412045,APPL,82,1672
1473412045,APPL,83,1675
1473412045,APPL,83,1675
1473412046,APPL,83,1675
1473412046,APPL,83,1675
1473412046,APPL,84,1520
1473412046,APPL,84,1520
1473412046,APPL,84,1520
1473412046,APPL,84,1520
1473412047,APPL,85,1608
1473412047,APPL,85,1608
1473412047,APPL,85,1608
1473412048,APPL,85,1608
1473412048,APPL,86,1535
1473412048,APPL,86,1535
1473412048,APPL,86,1535
1473412049,APPL,86,1535
1473412049,APPL,87,1604
1473412049,APPL,87,1604
1473412050,APPL,87,1604
1473412050,APPL,87,1604
1473412050,APPL,88,1622
1473412050,APPL,88,1622
1473412051,APPL,88,1622
1473412051,APPL,88,1622
1473412051,APPL,89,1613
1473412051,APPL,89,1613
1473412052,APPL,89,1613
1473412052,APPL,89,1613
1473412052,APPL,90,1698
1473412052,APPL,90,1698
1473412052,APPL,90,1698
1473412053,APPL,90,1698
1473412053,APPL,91,1665
1473412053,APPL,91,1665
1473412054,APPL,91,1665
1473412054,APPL,91,1665
1473412054,APPL,92,1537
1473412054,APPL,92,1537
1473412054,APPL,92,1537
1473412055,APPL,92,1537
1473412055,APPL,93,1647
1473412055,APPL,93,1647
1473412055,APPL,93,1647
1473412056,APPL,93,1647
1473412056,APPL,94,1566
1473412056,APPL,94,1566
1473412057,APPL,94,1566
1473412057,APPL,94,1566
1473412057,APPL,95,1571
1473412057,APPL,95,1571
1473412058,APPL,95,1571
1473412058,APPL,96,1513
1473412058,APPL,96,1513
1473412059,APPL,96,1513
1473412059,APPL,96,1513
1473412059,APPL,97,1508
1473412059,APPL,97,1508
1473412059,APPL,97,1508
1473412059,APPL,97,1508
1473412060,APPL,98,1627
1473412060,APPL,98,1627
1473412060,APPL,98,1627
1473412060,APPL,98,1627
1473412061,APPL,99,1673
1473412061,APPL,99,1673
1473412062,APPL,99,1673
1473412062,APPL,99,1673
1473412062,APPL,100,1662
1473412062,APPL,100,1662
1473412062,APPL,100,1662
1473412063,APPL,100,1662
1473412063,APPL,101,1571
1473412064,APPL,101,1571
1473412064,APPL,101,1571
1473412064,APPL,101,1571
1473412064,APPL,102,1605
1473412064,APPL,102,1605
1473412064,APPL,102,1605
1473412065,APPL,102,1605
1473412065,APPL,103,1548
1473412065,APPL,103,1548
1473412066,APPL,103,1548
1473412066,APPL,103,1548
1473412066,APPL,104,1541
1473412067,APPL,104,1541
1473412067,APPL,104,1541
1473412067,APPL,104,1541
1473412067,APPL,105,1591
1473412067,APPL,105,1591
1473412068,APPL,105,1591
1473412068,APPL,105,1591
1473412068,APPL,106,1689
1473412068,APPL,106,1689
1473412068,APPL,106,1689
1473412068,APPL,106,1689
1473412069,APPL,107,1559
1473412069,APPL,107,1559
1473412069,APPL,107,1559
1473412070,APPL,107,1559
1473412070,APPL,108,1562
1473412070,APPL,108,1562
1473412071,APPL,108,1562
1473412071,APPL,108,1562
1473412071,APPL,109,1547
1473412071,APPL,109,1547
1473412071,APPL,109,1547
1473412072,APPL,109,1547
1473412072,APPL,110,1533
1473412072,APPL,110,1533
1473412072,APPL,110,1533
1473412073,APPL,110,1533
1473412073,APPL,111,1575
1473412073,APPL,111,1575
1473412074,APPL,111,1575
1473412074,APPL,111,1575
1473412074,APPL,112,1602
1473412074,APPL,112,1602
1473412075,APPL,112,1602
1473412075,APPL,112,1602
1473412075,APPL,113,1578
1473412075,APPL,113,1578
1473412076,APPL,113,1578
1473412076,APPL,113,1578
1473412076,APPL,114,1545
1473412076,APPL,114,1545
1473412076,APPL,114,1545
1473412077,APPL,114,1545
1473412077,APPL,115,1584
1473412077,APPL,115,1584
1473412077,APPL,115,1584
1473412077,APPL,115,1584
1473412078,APPL,116,1687
1473412078,APPL,116,1687
1473412078,APPL,116,1687
1473412079,APPL,116,1687
1473412079,APPL,117,1560
1473412079,APPL,117,1560
1473412080,APPL,117,1560
1473412080,APPL,117,1560
1473412080,APPL,118,1578
1473412080,APPL,118,1578
1473412080,APPL,118,1578
1473412080,APPL,118,1578
1473412081,APPL,119,1529
1473412081,APPL,119,1529
1473412081,APPL,119,1529
1473412082,APPL,119,1529
1473412082,APPL,120,1574
1473412083,APPL,120,1574
1473412083,APPL,120,1574
1473412083,APPL,120,1574
1473412083,APPL,121,1527
1473412083,APPL,121,1527
1473412084,APPL,121,1527
1473412084,APPL,121,1527
1473412084,APPL,122,1543
1473412084,APPL,122,1543
1473412085,APPL,122,1543
1473412085,APPL,122,1543
1473412085,APPL,123,1670
1473412085,APPL,123,1670
1473412085,APPL,123,1670
1473412085,APPL,123,1670
1473412086,APPL,124,1672
1473412086,APPL,124,1672
1473412086,APPL,124,1672
1473412086,APPL,124,1672
1473412087,APPL,125,1652
1473412087,APPL,125,1652
1473412087,APPL,125,1652
1473412088,APPL,125,1652
1473412088,APPL,126,1502
1473412088,APPL,126,1502
1473412088,APPL,126,1502
1473412088,APPL,126,1502
1473412089,APPL,127,1602
1473412089,APPL,127,1602
1473412089,APPL,127,1602
1473412090,APPL,127,1602
1473412090,APPL,128,1690
1473412090,APPL,128,1690
1473412090,APPL,128,1690
1473412091,APPL,128,1690
1473412091,APPL,129,1601
1473412091,APPL,129,1601
1473412091,APPL,129,1601
1473412092,APPL,129,1601
1473412092,APPL,130,1516
1473412093,APPL,130,1516
1473412093,APPL,130,1516
1473412093,APPL,130,1516
1473412093,APPL,131,1614
1473412094,APPL,131,1614
1473412094,APPL,131,1614
1473412094,APPL,132,1641
1473412094,APPL,132,1641
1473412094,APPL,132,1641
1473412094,APPL,132,1641
1473412095,APPL,133,1618
1473412095,APPL,133,1618
1473412095,APPL,133,1618
1473412096,APPL,133,1618
1473412096,APPL,134,1530
1473412096,APPL,134,1530
1473412096,APPL,134,1530
1473412097,APPL,134,1530
1473412097,APPL,135,1690
1473412097,APPL,135,1690
1473412098,APPL,135,1690
1473412098,APPL,135,1690
1473412098,APPL,136,1619
1473412099,APPL,136,1619
1473412099,APPL,136,1619
1473412099,APPL,137,1657
1473412099,APPL,137,1657
1473412099,APPL,137,1657
1473412099,APPL,137,1657
1473412100,APPL,138,1680
1473412100,APPL,138,1680
1473412100,APPL,138,1680
1473412101,APPL,138,1680
1473412101,APPL,139,1637
1473412102,APPL,139,1637
1473412102,APPL,139,1637
1473412102,APPL,139,1637
1473412102,APPL,140,1510
1473412102,APPL,140,1510
1473412102,APPL,140,1510
1473412102,APPL,140,1510
1473412103,APPL,141,1650
1473412103,APPL,141,1650
1473412104,APPL,141,1650
1473412104,APPL,141,1650
1473412104,APPL,142,1592
1473412104,APPL,142,1592
1473412104,APPL,142,1592
1473412105,APPL,142,1592
1473412105,APPL,143,1543
1473412105,APPL,143,1543
1473412105,APPL,143,1543
1473412106,APPL,143,1543
1473412106,APPL,144,1662
1473412106,APPL,144,1662
1473412106,APPL,144,1662
1473412107,APPL,144,1662
1473412107,APPL,145,1571
1473412107,APPL,145,1571
1473412108,APPL,145,1571
1473412108,APPL,145,1571
1473412108,APPL,146,1625
1473412109,APPL,146,1625
1473412109,APPL,146,1625
1473412109,APPL,146,1625
1473412109,APPL,147,1544
1473412109,APPL,147,1544
1473412109,APPL,147,1544
1473412109,APPL,147,1544
1473412110,APPL,148,1612
1473412110,APPL,148,1612
1473412110,APPL,148,1612
1473412111,APPL,148,1612
1473412111,APPL,149,1602
1473412111,APPL,149,1602
1473412111,APPL,149,1602
1473412111,APPL,149,1602
1473412112,APPL,150,1588
1473412112,APPL,150,1588
1473412112,APPL,150,1588
1473412113,APPL,150,1588
1473412113,APPL,151,1593
1473412114,APPL,151,1593
1473412114,APPL,151,1593
1473412114,APPL,151,1593
1473412114,APPL,152,1606
1473412114,APPL,152,1606
1473412114,APPL,152,1606
1473412115,APPL,152,1606
1473412115,APPL,153,1677
1473412115,APPL,153,1677
1473412115,APPL,153,1677
1473412116,APPL,153,1677
1473412116,APPL,154,1526
1473412116,APPL,154,1526
1473412117,APPL,154,1526
1473412117,APPL,154,1526
1473412117,APPL,155,1669
1473412117,APPL,155,1669
1473412117,APPL,155,1669
1473412117,APPL,155,1669
1473412118,APPL,156,1590
1473412118,APPL,156,1590
1473412119,APPL,156,1590
1473412119,APPL,156,1590
1473412119,APPL,157,1667
1473412119,APPL,157,1667
1473412119,APPL,157,1667
1473412120,APPL,157,1667
1473412120,APPL,158,1648
1473412120,APPL,158,1648
1473412120,APPL,158,1648
1473412120,APPL,158,1648
1473412121,APPL,159,1577
1473412121,APPL,159,1577
1473412122,APPL,159,1577
1473412122,APPL,159,1577
1473412122,APPL,160,1568
1473412122,APPL,160,1568
1473412122,APPL,160,1568
1473412123,APPL,160,1568
1473412123,APPL,161,1504
1473412123,APPL,161,1504
1473412123,APPL,161,1504
1473412124,APPL,161,1504
1473412124,APPL,162,1518
1473412124,APPL,162,1518
1473412124,APPL,162,1518
1473412125,APPL,162,1518
1473412125,APPL,163,1520
1473412125,APPL,163,1520
1473412125,APPL,163,1520
1473412125,APPL,163,1520
1473412126,APPL,164,1594
1473412126,APPL,164,1594
1473412127,APPL,164,1594
1473412127,APPL,164,1594
1473412127,APPL,165,1515
1473412127,APPL,165,1515
1473412127,APPL,165,1515
1473412128,APPL,165,1515
1473412128,APPL,166,1560
1473412128,APPL,166,1560
1473412128,APPL,166,1560
1473412129,APPL,166,1560
1473412129,APPL,167,1654
1473412129,APPL,167,1654
1473412129,APPL,167,1654
1473412129,APPL,167,1654
1473412130,APPL,168,1554
1473412130,APPL,168,1554
1473412130,APPL,168,1554
1473412130,APPL,168,1554
1473412131,APPL,169,1588
1473412131,APPL,169,1588
1473412131,APPL,169,1588
1473412132,APPL,169,1588
1473412132,APPL,170,1621
1473412132,APPL,170,1621
1473412132,APPL,170,1621
1473412133,APPL,170,1621
1473412133,APPL,171,1664
1473412133,APPL,171,1664
1473412133,APPL,171,1664
1473412133,APPL,171,1664
1473412134,APPL,172,1690
1473412134,APPL,172,1690
1473412134,APPL,172,1690
1473412135,APPL,172,1690
1473412135,APPL,173,1593
1473412135,APPL,173,1593
1473412135,APPL,173,1593
1473412135,APPL,173,1593
1473412136,APPL,174,1576
1473412136,APPL,174,1576
1473412137,APPL,174,1576
1473412137,APPL,174,1576
1473412137,APPL,175,1692
1473412137,APPL,175,1692
1473412137,APPL,175,1692
1473412138,APPL,175,1692
1473412138,APPL,176,1655
1473412138,APPL,176,1655
1473412139,APPL,176,1655
1473412139,APPL,176,1655
1473412139,APPL,177,1620
1473412139,APPL,177,1620
1473412140,APPL,177,1620
1473412140,APPL,177,1620
1473412140,APPL,178,1512
1473412140,APPL,178,1512
1473412140,APPL,178,1512
1473412140,APPL,178,1512
1473412141,APPL,179,1620
1473412141,APPL,179,1620
1473412141,APPL,179,1620
1473412141,APPL,179,1620
1473412142,APPL,180,1697
1473412142,APPL,180,1697
1473412142,APPL,180,1697
1473412142,APPL,180,1697
1473412143,APPL,181,1594
1473412143,APPL,181,1594
1473412143,APPL,181,1594
1473412144,APPL,181,1594
1473412144,APPL,182,1646
1473412144,APPL,182,1646
1473412144,APPL,182,1646
1473412144,APPL,182,1646
1473412145,APPL,183,1574
1473412145,APPL,183,1574
1473412145,APPL,183,1574
1473412145,APPL,183,1574
1473412146,APPL,184,1506
1473412146,APPL,184,1506
1473412146,APPL,184,1506
1473412146,APPL,184,1506
1473412147,APPL,185,1518
1473412147,APPL,185,1518
1473412147,APPL,185,1518
1473412147,APPL,185,1518
1473412148,APPL,186,1640
1473412148,APPL,186,1640
1473412149,APPL,186,1640
1473412149,APPL,186,1640
1473412149,APPL,187,1688
1473412149,APPL,187,1688
1473412149,APPL,187,1688
1473412150,APPL,187,1688
1473412150,APPL,188,1569
1473412150,APPL,188,1569
1473412150,APPL,188,1569
1473412151,APPL,188,1569
1473412151,APPL,189,1518
1473412151,APPL,189,1518
1473412151,APPL,189,1518
1473412152,APPL,189,1518
1473412152,APPL,190,1674
1473412152,APPL,190,1674
1473412152,APPL,190,1674
1473412153,APPL,190,1674
1473412153,APPL,191,1579
1473412154,APPL,191,1579
1473412154,APPL,191,1579
1473412154,APPL,191,1579
1473412154,APPL,192,1568
1473412154,APPL,192,1568
1473412154,APPL,192,1568
1473412155,APPL,192,1568
1473412155,APPL,193,1644
1473412155,APPL,193,1644
1473412156,APPL,193,1644
1473412156,APPL,193,1644
1473412156,APPL,194,1564
1473412156,APPL,194,1564
1473412157,APPL,194,1564
1473412157,APPL,194,1564
1473412157,APPL,195,1599
1473412157,APPL,195,1599
1473412157,APPL,195,1599
1473412158,APPL,195,1599
1473412158,APPL,196,1588
1473412158,APPL,196,1588
1473412159,APPL,196,1588
1473412159,APPL,196,1588
1473412159,APPL,197,1647
1473412159,APPL,197,1647
1473412160,APPL,197,1647
1473412160,APPL,197,1647
1473412160,APPL,198,1621
1473412160,APPL,198,1621
1473412160,APPL,198,1621
1473412160,APPL,198,1621
1473412161,APPL,199,1516
1473412161,APPL,199,1516
1473412161,APPL,199,1516
1473412162,APPL,199,1516
1473412162,APPL,200,1579
1473412162,APPL,200,1579
1473412162,APPL,200,1579
1473412162,APPL,200,1579
1473412163,APPL,201,1613
1473412163,APPL,201,1613
1473412164,APPL,201,1613
1473412164,APPL,201,1613
1473412164,APPL,202,1581
1473412164,APPL,202,1581
1473412165,APPL,202,1581
1473412165,APPL,202,1581
1473412165,APPL,203,1561
1473412165,APPL,203,1561
1473412166,APPL,203,1561
1473412166,APPL,203,1561
1473412166,APPL,204,1531
1473412166,APPL,204,1531
1473412166,APPL,204,1531
1473412167,APPL,204,1531
1473412167,APPL,205,1512
1473412167,APPL,205,1512
1473412167,APPL,205,1512
1473412168,APPL,205,1512
1473412168,APPL,206,1558
1473412168,APPL,206,1558
1473412168,APPL,206,1558
1473412169,APPL,206,1558
1473412169,APPL,207,1652
1473412169,APPL,207,1652
1473412169,APPL,207,1652
1473412170,APPL,207,1652
1473412170,APPL,208,1577
1473412170,APPL,208,1577
1473412171,APPL,208,1577
1473412171,APPL,208,1577
1473412171,APPL,209,1640
1473412171,APPL,209,1640
1473412171,APPL,209,1640
1473412172,APPL,209,1640
1473412172,APPL,210,1533
1473412172,APPL,210,1533
1473412173,APPL,210,1533
1473412173,APPL,210,1533
1473412173,APPL,211,1531
1473412173,APPL,211,1531
1473412174,APPL,211,1531
1473412174,APPL,211,1531
1473412174,APPL,212,1627
1473412174,APPL,212,1627
1473412174,APPL,212,1627
1473412175,APPL,212,1627
1473412175,APPL,213,1658
1473412175,APPL,213,1658
1473412176,APPL,213,1658
1473412176,APPL,214,1569
1473412176,APPL,214,1569
1473412176,APPL,214,1569
1473412177,APPL,214,1569
1473412177,APPL,215,1640
1473412177,APPL,215,1640
1473412177,APPL,215,1640
1473412177,APPL,215,1640
1473412178,APPL,216,1585
1473412178,APPL,216,1585
1473412178,APPL,216,1585
1473412179,APPL,216,1585
1473412179,APPL,217,1516
1473412179,APPL,217,1516
1473412180,APPL,217,1516
1473412180,APPL,217,1516
1473412180,APPL,218,1677
1473412180,APPL,218,1677
1473412180,APPL,218,1677
1473412181,APPL,218,1677
1473412181,APPL,219,1579
1473412181,APPL,219,1579
1473412181,APPL,219,1579
1473412181,APPL,219,1579
1473412182,APPL,220,1664
1473412182,APPL,220,1664
1473412182,APPL,220,1664
1473412183,APPL,220,1664
1473412183,APPL,221,1673
1473412183,APPL,221,1673
1473412183,APPL,221,1673
1473412183,APPL,221,1673
1473412184,APPL,222,1500
1473412184,APPL,222,1500
1473412184,APPL,222,1500
1473412185,APPL,222,1500
1473412185,APPL,223,1553
1473412186,APPL,223,1553
1473412186,APPL,223,1553
1473412186,APPL,223,1553
1473412186,APPL,224,1543
1473412186,APPL,224,1543
1473412186,APPL,224,1543
1473412187,APPL,224,1543
1473412187,APPL,225,1616
1473412187,APPL,225,1616
1473412187,APPL,225,1616
1473412187,APPL,225,1616
1473412188,APPL,226,1596
1473412188,APPL,226,1596
1473412189,APPL,226,1596
1473412189,APPL,226,1596
1473412190,APPL,227,1687
1473412190,APPL,227,1687
1473412190,APPL,227,1687
1473412190,APPL,227,1687
1473412190,APPL,228,1637
1473412190,APPL,228,1637
1473412190,APPL,228,1637
1473412191,APPL,228,1637
1473412191,APPL,229,1679
1473412191,APPL,229,1679
1473412191,APPL,229,1679
1473412192,APPL,229,1679
1473412192,APPL,230,1643
1473412192,APPL,230,1643
1473412192,APPL,230,1643
1473412192,APPL,230,1643
1473412193,APPL,231,1619
1473412193,APPL,231,1619
1473412193,APPL,231,1619
1473412194,APPL,231,1619
1473412194,APPL,232,1663
1473412194,APPL,232,1663
1473412194,APPL,232,1663
1473412194,APPL,232,1663
1473412195,APPL,233,1687
1473412195,APPL,233,1687
1473412196,APPL,233,1687
1473412196,APPL,233,1687
1473412196,APPL,234,1642
1473412196,APPL,234,1642
1473412196,APPL,234,1642
1473412197,APPL,234,1642
1473412197,APPL,235,1544
1473412197,APPL,235,1544
1473412197,APPL,235,1544
1473412198,APPL,235,1544
1473412198,APPL,236,1569
1473412199,APPL,236,1569
1473412199,APPL,236,1569
1473412199,APPL,236,1569
1473412199,APPL,237,1673
1473412199,APPL,237,1673
1473412200,APPL,237,1673
1473412200,APPL,237,1673
1473412200,APPL,238,1678
1473412200,APPL,238,1678
1473412200,APPL,238,1678
1473412200,APPL,238,1678
1473412201,APPL,239,1659
1473412201,APPL,239,1659
1473412201,APPL,239,1659
1473412202,APPL,239,1659
1473412202,APPL,240,1668
1473412202,APPL,240,1668
1473412202,APPL,240,1668
1473412202,APPL,240,1668
1473412203,APPL,241,1584
1473412203,APPL,241,1584
1473412203,APPL,241,1584
1473412204,APPL,241,1584
1473412204,APPL,242,1665
1473412204,APPL,242,1665
1473412205,APPL,242,1665
1473412205,APPL,242,1665
1473412205,APPL,243,1504
1473412205,APPL,243,1504
1473412206,APPL,243,1504
1473412206,APPL,244,1586
1473412206,APPL,244,1586
1473412207,APPL,244,1586
1473412207,APPL,244,1586
1473412207,APPL,245,1695
1473412208,APPL,245,1695
1473412208,APPL,245,1695
1473412208,APPL,245,1695
1473412208,APPL,246,1542
1473412208,APPL,246,1542
1473412208,APPL,246,1542
1473412208,APPL,246,1542
1473412209,APPL,247,1690
1473412210,APPL,247,1690
1473412210,APPL,247,1690
1473412210,APPL,247,1690
1473412210,APPL,248,1567
1473412210,APPL,248,1567
1473412210,APPL,248,1567
1473412211,APPL,248,1567
1473412211,APPL,249,1674
1473412212,APPL,249,1674
1473412212,APPL,249,1674
1473412212,APPL,249,1674
1473412212,APPL,250,1650
1473412212,APPL,250,1650
1473412212,APPL,250,1650
1473412213,APPL,250,1650
1473412213,APPL,251,1577
1473412213,APPL,251,1577
1473412213,APPL,251,1577
1473412213,APPL,251,1577
1473412214,APPL,252,1649
1473412214,APPL,252,1649
1473412215,APPL,252,1649
1473412215,APPL,252,1649
1473412215,APPL,253,1556
1473412215,APPL,253,1556
1473412215,APPL,253,1556
1473412216,APPL,253,1556
1473412216,APPL,254,1542
1473412216,APPL,254,1542
1473412216,APPL,254,1542
1473412216,APPL,254,1542
1473412217,APPL,255,1504
1473412217,APPL,255,1504
1473412217,APPL,255,1504
1473412218,APPL,255,1504
1473412218,APPL,256,1673
1473412218,APPL,256,1673
1473412218,APPL,256,1673
1473412218,APPL,256,1673
1473412219,APPL,257,1584
1473412219,APPL,257,1584
1473412219,APPL,257,1584
1473412219,APPL,257,1584
1473412220,APPL,258,1523
1473412220,APPL,258,1523
1473412221,APPL,258,1523
1473412221,APPL,258,1523
1473412221,APPL,259,1686
1473412221,APPL,259,1686
1473412221,APPL,259,1686
1473412222,APPL,259,1686
1473412222,APPL,260,1655
1473412222,APPL,260,1655
1473412222,APPL,260,1655
1473412222,APPL,260,1655
1473412223,APPL,261,1585
1473412223,APPL,261,1585
1473412224,APPL,261,1585
1473412224,APPL,261,1585
1473412224,APPL,262,1677
1473412224,APPL,262,1677
1473412225,APPL,262,1677
1473412225,APPL,262,1677
1473412225,APPL,263,1590
1473412225,APPL,263,1590
1473412226,APPL,263,1590
1473412226,APPL,263,1590
1473412226,APPL,264,1542
1473412226,APPL,264,1542
1473412226,APPL,264,1542
1473412227,APPL,264,1542
1473412227,APPL,265,1602
1473412227,APPL,265,1602
1473412227,APPL,265,1602
1473412228,APPL,265,1602
1473412228,APPL,266,1602
1473412229,APPL,266,1602
1473412229,APPL,266,1602
1473412229,APPL,266,1602
1473412229,APPL,267,1507
1473412229,APPL,267,1507
1473412229,APPL,267,1507
1473412229,APPL,267,1507
1473412230,APPL,268,1585
1473412230,APPL,268,1585
1473412230,APPL,268,1585
1473412230,APPL,268,1585
1473412231,APPL,269,1577
1473412231,APPL,269,1577
1473412231,APPL,269,1577
1473412231,APPL,269,1577
1473412232,APPL,270,1633
1473412232,APPL,270,1633
1473412233,APPL,270,1633
1473412233,APPL,270,1633
1473412233,APPL,271,1610
1473412233,APPL,271,1610
1473412233,APPL,271,1610
1473412233,APPL,271,1610
1473412234,APPL,272,1684
1473412234,APPL,272,1684
1473412234,APPL,272,1684
1473412235,APPL,272,1684
1473412235,APPL,273,1693
1473412235,APPL,273,1693
1473412236,APPL,273,1693
1473412236,APPL,273,1693
1473412236,APPL,274,1575
1473412236,APPL,274,1575
1473412237,APPL,274,1575
1473412237,APPL,274,1575
1473412237,APPL,275,1511
1473412237,APPL,275,1511
1473412237,APPL,275,1511
1473412237,APPL,275,1511
1473412238,APPL,276,1596
1473412238,APPL,276,1596
1473412238,APPL,276,1596
1473412239,APPL,276,1596
1473412239,APPL,277,1629
1473412239,APPL,277,1629
1473412239,APPL,277,1629
1473412239,APPL,277,1629
1473412240,APPL,278,1543
1473412241,APPL,278,1543
1473412241,APPL,278,1543
1473412241,APPL,278,1543
1473412241,APPL,279,1626
1473412241,APPL,279,1626
1473412241,APPL,279,1626
1473412241,APPL,279,1626
1473412242,APPL,280,1504
1473412242,APPL,280,1504
1473412242,APPL,280,1504
1473412243,APPL,280,1504
1473412243,APPL,281,1660
1473412244,APPL,281,1660
1473412244,APPL,281,1660
1473412244,APPL,281,1660
1473412244,APPL,282,1633
1473412244,APPL,282,1633
1473412244,APPL,282,1633
1473412245,APPL,282,1633
1473412245,APPL,283,1596
1473412246,APPL,283,1596
1473412246,APPL,283,1596
1473412246,APPL,284,1565
1473412246,APPL,284,1565
1473412246,APPL,284,1565
1473412247,APPL,284,1565
1473412247,APPL,285,1538
1473412247,APPL,285,1538
1473412247,APPL,285,1538
1473412248,APPL,285,1538
1473412248,APPL,286,1563
1473412248,APPL,286,1563
1473412248,APPL,286,1563
1473412248,APPL,286,1563
1473412249,APPL,287,1591
1473412249,APPL,287,1591
1473412249,APPL,287,1591
1473412249,APPL,287,1591
1473412250,APPL,288,1639
1473412250,APPL,288,1639
1473412250,APPL,288,1639
1473412251,APPL,288,1639
1473412251,APPL,289,1697
1473412251,APPL,289,1697
1473412251,APPL,289,1697
1473412252,APPL,289,1697
1473412252,APPL,290,1590
1473412252,APPL,290,1590
1473412252,APPL,290,1590
1473412253,APPL,290,1590
1473412253,APPL,291,1638
1473412253,APPL,291,1638
1473412253,APPL,291,1638
1473412253,APPL,291,1638
1473412254,APPL,292,1508
1473412255,APPL,292,1508
1473412255,APPL,292,1508
1473412255,APPL,292,1508
1473412255,APPL,293,1627
1473412255,APPL,293,1627
1473412256,APPL,293,1627
1473412256,APPL,293,1627
1473412256,APPL,294,1681
1473412256,APPL,294,1681
1473412257,APPL,294,1681
1473412257,APPL,294,1681
1473412257,APPL,295,1622
1473412257,APPL,295,1622
1473412257,APPL,295,1622
1473412258,APPL,295,1622
1473412258,APPL,296,1596
1473412258,APPL,296,1596
1473412258,APPL,296,1596
1473412259,APPL,296,1596
1473412260,APPL,297,1694
1473412260,APPL,297,1694
1473412260,APPL,297,1694
1473412260,APPL,297,1694
1473412260,APPL,298,1524
1473412260,APPL,298,1524
1473412260,APPL,298,1524
1473412261,APPL,298,1524
1473412261,APPL,299,1558
1473412261,APPL,299,1558
1473412261,APPL,299,1558
1473412261,APPL,299,1558
1473412262,APPL,300,1531
1473412262,APPL,300,1531
1473412262,APPL,300,1531
1473412263,APPL,300,1531
1473412263,APPL,301,1548
1473412263,APPL,301,1548
1473412264,APPL,301,1548
1473412264,APPL,301,1548
1473412264,APPL,302,1556
1473412264,APPL,302,1556
1473412264,APPL,302,1556
1473412265,APPL,302,1556
1473412265,APPL,303,1622
1473412265,APPL,303,1622
1473412265,APPL,303,1622
1473412266,APPL,303,1622
1473412266,APPL,304,1624
1473412266,APPL,304,1624
1473412266,APPL,304,1624
1473412267,APPL,304,1624
1473412267,APPL,305,1500
1473412268,APPL,305,1500
1473412268,APPL,305,1500
1473412268,APPL,305,1500
1473412268,APPL,306,1545
1473412268,APPL,306,1545
1473412268,APPL,306,1545
1473412268,APPL,306,1545
1473412269,APPL,307,1531
1473412269,APPL,307,1531
1473412269,APPL,307,1531
1473412270,APPL,307,1531
1473412270,APPL,308,1528
1473412270,APPL,308,1528
1473412271,APPL,308,1528
1473412271,APPL,308,1528
1473412271,APPL,309,1631
1473412271,APPL,309,1631
1473412272,APPL,309,1631
1473412272,APPL,309,1631
1473412272,APPL,310,1617
1473412272,APPL,310,1617
1473412273,APPL,310,1617
1473412273,APPL,310,1617
1473412273,APPL,311,1583
1473412273,APPL,311,1583
1473412273,APPL,311,1583
1473412273,APPL,311,1583
1473412274,APPL,312,1686
1473412274,APPL,312,1686
1473412275,APPL,312,1686
1473412275,APPL,312,1686
1473412275,APPL,313,1515
1473412275,APPL,313,1515
1473412275,APPL,313,1515
1473412276,APPL,314,1642
1473412276,APPL,314,1642
1473412276,APPL,314,1642
1473412276,APPL,314,1642
1473412277,APPL,315,1564
1473412277,APPL,315,1564
1473412277,APPL,315,1564
1473412277,APPL,315,1564
1473412278,APPL,316,1633
1473412278,APPL,316,1633
1473412278,APPL,316,1633
1473412279,APPL,316,1633
1473412279,APPL,317,1548
1473412279,APPL,317,1548
1473412280,APPL,317,1548
1473412280,APPL,317,1548
1473412280,APPL,318,1578
1473412280,APPL,318,1578
1473412280,APPL,318,1578
1473412280,APPL,318,1578
1473412281,APPL,319,1608
1473412281,APPL,319,1608
1473412282,APPL,319,1608
1473412282,APPL,319,1608
1473412282,APPL,320,1563
1473412282,APPL,320,1563
1473412282,APPL,320,1563
1473412283,APPL,320,1563
1473412283,APPL,321,1575
1473412283,APPL,321,1575
1473412283,APPL,321,1575
1473412284,APPL,321,1575
1473412284,APPL,322,1593
1473412284,APPL,322,1593
1473412284,APPL,322,1593
1473412285,APPL,322,1593
1473412285,APPL,323,1660
1473412285,APPL,323,1660
1473412285,APPL,323,1660
1473412286,APPL,323,1660
1473412286,APPL,324,1648
1473412287,APPL,324,1648
1473412287,APPL,324,1648
1473412287,APPL,324,1648
1473412287,APPL,325,1679
1473412287,APPL,325,1679
1473412288,APPL,325,1679
1473412288,APPL,325,1679
1473412288,APPL,326,1503
1473412288,APPL,326,1503
1473412288,APPL,326,1503
1473412289,APPL,326,1503
1473412289,APPL,327,1547
1473412289,APPL,327,1547
1473412289,APPL,327,1547
1473412290,APPL,327,1547
1473412290,APPL,328,1674
1473412290,APPL,328,1674
1473412290,APPL,328,1674
1473412291,APPL,328,1674
1473412291,APPL,329,1592
1473412291,APPL,329,1592
1473412291,APPL,329,1592
1473412291,APPL,329,1592
1473412292,APPL,330,1519
1473412292,APPL,330,1519
1473412292,APPL,330,1519
1473412292,APPL,330,1519
1473412293,APPL,331,1624
1473412293,APPL,331,1624
1473412293,APPL,331,1624
1473412294,APPL,331,1624
1473412294,APPL,332,1510
1473412294,APPL,332,1510
1473412294,APPL,332,1510
1473412294,APPL,332,1510
1473412295,APPL,333,1650
1473412295,APPL,333,1650
1473412295,APPL,333,1650
1473412296,APPL,333,1650
1473412296,APPL,334,1583
1473412296,APPL,334,1583
1473412296,APPL,334,1583
1473412296,APPL,334,1583
1473412297,APPL,335,1529
1473412297,APPL,335,1529
1473412297,APPL,335,1529
1473412297,APPL,335,1529
1473412298,APPL,336,1598
1473412298,APPL,336,1598
1473412298,APPL,336,1598
1473412298,APPL,336,1598
1473412299,APPL,337,1594
1473412299,APPL,337,1594
1473412299,APPL,337,1594
1473412300,APPL,337,1594
1473412300,APPL,338,1697
1473412300,APPL,338,1697
1473412300,APPL,338,1697
1473412300,APPL,338,1697
1473412301,APPL,339,1520
1473412301,APPL,339,1520
1473412301,APPL,339,1520
1473412302,APPL,339,1520
1473412302,APPL,340,1516
1473412302,APPL,340,1516
1473412303,APPL,340,1516
1473412303,APPL,340,1516
1473412303,APPL,341,1607
1473412303,APPL,341,1607
1473412303,APPL,341,1607
1473412304,APPL,341,1607
1473412304,APPL,342,1657
1473412304,APPL,342,1657
1473412304,APPL,342,1657
1473412305,APPL,342,1657
1473412305,APPL,343,1502
1473412305,APPL,343,1502
1473412305,APPL,343,1502
1473412305,APPL,343,1502
1473412306,APPL,344,1534
1473412306,APPL,344,1534
1473412306,APPL,344,1534
1473412307,APPL,344,1534
1473412307,APPL,345,1525
1473412307,APPL,345,1525
1473412307,APPL,345,1525
1473412308,APPL,345,1525
1473412308,APPL,346,1658
1473412308,APPL,346,1658
1473412308,APPL,346,1658
1473412309,APPL,346,1658
1473412309,APPL,347,1543
1473412309,APPL,347,1543
1473412309,APPL,347,1543
1473412309,APPL,347,1543
1473412310,APPL,348,1567
1473412311,APPL,348,1567
1473412311,APPL,348,1567
1473412311,APPL,348,1567
1473412311,APPL,349,1539
1473412311,APPL,349,1539
1473412311,APPL,349,1539
1473412311,APPL,349,1539
1473412312,APPL,350,1543
1473412312,APPL,350,1543
1473412313,APPL,350,1543
1473412313,APPL,350,1543
1473412313,APPL,351,1500
1473412314,APPL,351,1500
1473412314,APPL,351,1500
1473412314,APPL,351,1500
1473412314,APPL,352,1566
1473412314,APPL,352,1566
1473412315,APPL,352,1566
1473412315,APPL,352,1566
1473412315,APPL,353,1657
1473412315,APPL,353,1657
1473412315,APPL,353,1657
1473412316,APPL,353,1657
1473412316,APPL,354,1570
1473412316,APPL,354,1570
1473412317,APPL,354,1570
1473412317,APPL,354,1570
1473412317,APPL,355,1631
1473412317,APPL,355,1631
1473412318,APPL,355,1631
1473412318,APPL,355,1631
1473412318,APPL,356,1615
1473412319,APPL,356,1615
1473412319,APPL,356,1615
1473412319,APPL,356,1615
1473412319,APPL,357,1643
1473412319,APPL,357,1643
1473412319,APPL,357,1643
1473412319,APPL,357,1643
1473412320,APPL,358,1662
1473412320,APPL,358,1662
1473412320,APPL,358,1662
1473412321,APPL,358,1662
1473412321,APPL,359,1530
1473412321,APPL,359,1530
1473412321,APPL,359,1530
1473412322,APPL,359,1530
1473412322,APPL,360,1580
1473412322,APPL,360,1580
1473412322,APPL,360,1580
1473412323,APPL,360,1580
1473412323,APPL,361,1557
1473412323,APPL,361,1557
1473412323,APPL,361,1557
1473412324,APPL,361,1557
1473412324,APPL,362,1519
1473412324,APPL,362,1519
1473412325,APPL,362,1519
1473412325,APPL,362,1519
1473412325,APPL,363,1672
1473412325,APPL,363,1672
1473412326,APPL,363,1672
1473412326,APPL,363,1672
1473412326,APPL,364,1513
1473412326,APPL,364,1513
1473412326,APPL,364,1513
1473412327,APPL,364,1513
1473412327,APPL,365,1661
1473412327,APPL,365,1661
1473412327,APPL,365,1661
1473412327,APPL,365,1661
1473412328,APPL,366,1658
1473412328,APPL,366,1658
1473412328,APPL,366,1658
1473412328,APPL,366,1658
1473412329,APPL,367,1608
1473412330,APPL,367,1608
1473412330,APPL,367,1608
1473412330,APPL,367,1608
1473412330,APPL,368,1595
1473412330,APPL,368,1595
1473412331,APPL,368,1595
1473412331,APPL,368,1595
1473412331,APPL,369,1560
1473412331,APPL,369,1560
1473412331,APPL,369,1560
1473412331,APPL,369,1560
1473412332,APPL,370,1647
1473412332,APPL,370,1647
1473412332,APPL,370,1647
1473412333,APPL,370,1647
1473412333,APPL,371,1616
1473412333,APPL,371,1616
1473412334,APPL,371,1616
1473412334,APPL,371,1616
1473412334,APPL,372,1615
1473412334,APPL,372,1615
1473412335,APPL,372,1615
1473412335,APPL,372,1615
1473412335,APPL,373,1609
1473412335,APPL,373,1609
1473412335,APPL,373,1609
1473412336,APPL,373,1609
1473412336,APPL,374,1642
1473412336,APPL,374,1642
1473412336,APPL,374,1642
1473412337,APPL,374,1642
1473412337,APPL,375,1592
1473412337,APPL,375,1592
1473412337,APPL,375,1592
1473412338,APPL,375,1592
1473412338,APPL,376,1643
1473412338,APPL,376,1643
1473412338,APPL,376,1643
1473412339,APPL,376,1643
1473412339,APPL,377,1698
1473412339,APPL,377,1698
1473412339,APPL,377,1698
1473412340,APPL,377,1698
1473412340,APPL,378,1555
1473412340,APPL,378,1555
1473412340,APPL,378,1555
1473412341,APPL,378,1555
1473412341,APPL,379,1623
1473412341,APPL,379,1623
1473412341,APPL,379,1623
1473412341,APPL,379,1623
1473412342,APPL,380,1612
1473412342,APPL,380,1612
1473412342,APPL,380,1612
1473412342,APPL,380,1612
1473412343,APPL,381,1516
1473412343,APPL,381,1516
1473412343,APPL,381,1516
1473412344,APPL,381,1516
1473412344,APPL,382,1691
1473412344,APPL,382,1691
1473412345,APPL,382,1691
1473412345,APPL,382,1691
1473412345,APPL,383,1646
1473412345,APPL,383,1646
1473412345,APPL,383,1646
1473412346,APPL,383,1646
1473412346,APPL,384,1590
1473412346,APPL,384,1590
1473412346,APPL,384,1590
1473412347,APPL,384,1590
1473412347,APPL,385,1545
1473412348,APPL,385,1545
1473412348,APPL,385,1545
1473412348,APPL,385,1545
1473412348,APPL,386,1645
1473412348,APPL,386,1645
1473412349,APPL,386,1645
1473412349,APPL,386,1645
1473412349,APPL,387,1591
1473412349,APPL,387,1591
1473412349,APPL,387,1591
1473412349,APPL,387,1591
1473412350,APPL,388,1641
1473412350,APPL,388,1641
1473412351,APPL,388,1641
1473412351,APPL,388,1641
1473412351,APPL,389,1673
1473412351,APPL,389,1673
1473412352,APPL,389,1673
1473412352,APPL,389,1673
1473412352,APPL,390,1509
1473412352,APPL,390,1509
1473412353,APPL,390,1509
1473412353,APPL,390,1509
1473412353,APPL,391,1548
1473412353,APPL,391,1548
1473412353,APPL,391,1548
1473412353,APPL,391,1548
1473412354,APPL,392,1546
1473412354,APPL,392,1546
1473412354,APPL,392,1546
1473412354,APPL,392,1546
1473412355,APPL,393,1500
1473412355,APPL,393,1500
1473412355,APPL,393,1500
1473412356,APPL,393,1500
1473412356,APPL,394,1627
1473412356,APPL,394,1627
1473412356,APPL,394,1627
1473412357,APPL,394,1627
1473412357,APPL,395,1611
1473412357,APPL,395,1611
1473412357,APPL,395,1611
1473412358,APPL,395,1611
1473412358,APPL,396,1659
1473412358,APPL,396,1659
1473412358,APPL,396,1659
1473412358,APPL,396,1659
1473412359,APPL,397,1625
1473412359,APPL,397,1625
1473412360,APPL,397,1625
1473412360,APPL,397,1625
1473412360,APPL,398,1505
1473412361,APPL,398,1505
1473412361,APPL,398,1505
1473412361,APPL,398,1505
1473412361,APPL,399,1681
1473412361,APPL,399,1681
1473412362,APPL,399,1681
1473412362,APPL,399,1681
1473412362,APPL,400,1506
1473412362,APPL,400,1506
1473412362,APPL,400,1506
1473412362,APPL,400,1506
1473412363,APPL,401,1693
1473412363,APPL,401,1693
1473412363,APPL,401,1693
1473412363,APPL,401,1693
1473412364,APPL,402,1669
1473412364,APPL,402,1669
1473412365,APPL,402,1669
1473412365,APPL,402,1669
1473412365,APPL,403,1664
1473412365,APPL,403,1664
1473412365,APPL,403,1664
1473412366,APPL,403,1664
1473412366,APPL,404,1552
1473412366,APPL,404,1552
1473412366,APPL,404,1552
1473412367,APPL,404,1552
1473412367,APPL,405,1513
1473412367,APPL,405,1513
1473412368,APPL,405,1513
1473412368,APPL,405,1513
1473412368,APPL,406,1528
1473412368,APPL,406,1528
1473412368,APPL,406,1528
1473412368,APPL,406,1528
1473412369,APPL,407,1690
1473412369,APPL,407,1690
1473412369,APPL,407,1690
1473412370,APPL,407,1690
1473412370,APPL,408,1529
1473412370,APPL,408,1529
1473412370,APPL,408,1529
1473412371,APPL,408,1529
1473412371,APPL,409,1664
1473412371,APPL,409,1664
1473412371,APPL,409,1664
1473412371,APPL,409,1664
1473412372,APPL,410,1686
1473412372,APPL,410,1686
1473412372,APPL,410,1686
1473412372,APPL,410,1686
1473412373,APPL,411,1565
1473412373,APPL,411,1565
1473412373,APPL,411,1565
1473412374,APPL,411,1565
1473412374,APPL,412,1655
1473412374,APPL,412,1655
1473412374,APPL,412,1655
1473412374,APPL,412,1655
1473412375,APPL,413,1689
1473412375,APPL,413,1689
1473412375,APPL,413,1689
1473412375,APPL,413,1689
1473412376,APPL,414,1620
1473412376,APPL,414,1620
1473412376,APPL,414,1620
1473412377,APPL,414,1620
1473412377,APPL,415,1614
1473412377,APPL,415,1614
1473412378,APPL,415,1614
1473412378,APPL,415,1614
1473412378,APPL,416,1645
1473412378,APPL,416,1645
1473412379,APPL,416,1645
1473412379,APPL,416,1645
1473412379,APPL,417,1557
1473412379,APPL,417,1557
1473412379,APPL,417,1557
1473412379,APPL,417,1557
1473412380,APPL,418,1624
1473412380,APPL,418,1624
1473412380,APPL,418,1624
1473412381,APPL,418,1624
1473412381,APPL,419,1670
1473412381,APPL,419,1670
1473412382,APPL,419,1670
1473412382,APPL,419,1670
1473412382,APPL,420,1546
1473412382,APPL,420,1546
1473412383,APPL,420,1546
1473412383,APPL,420,1546
1473412383,APPL,421,1517
1473412383,APPL,421,1517
1473412383,APPL,421,1517
1473412383,APPL,421,1517
1473412384,APPL,422,1652
1473412384,APPL,422,1652
1473412384,APPL,422,1652
1473412385,APPL,422,1652
1473412385,APPL,423,1563
1473412385,APPL,423,1563
1473412385,APPL,423,1563
1473412386,APPL,423,1563
1473412386,APPL,424,1512
1473412386,APPL,424,1512
1473412387,APPL,424,1512
1473412387,APPL,424,1512
1473412387,APPL,425,1515
1473412387,APPL,425,1515
1473412387,APPL,425,1515
1473412387,APPL,425,1515
1473412388,APPL,426,1631
1473412388,APPL,426,1631
1473412388,APPL,426,1631
1473412389,APPL,426,1631
1473412389,APPL,427,1651
1473412389,APPL,427,1651
1473412390,APPL,427,1651
1473412390,APPL,427,1651
1473412390,APPL,428,1605
1473412390,APPL,428,1605
1473412390,APPL,428,1605
1473412391,APPL,428,1605
1473412391,APPL,429,1584
1473412391,APPL,429,1584
1473412391,APPL,429,1584
1473412392,APPL,429,1584
1473412392,APPL,430,1655
1473412392,APPL,430,1655
1473412392,APPL,430,1655
1473412392,APPL,430,1655
1473412393,APPL,431,1534
1473412393,APPL,431,1534
1473412393,APPL,431,1534
1473412393,APPL,431,1534
1473412394,APPL,432,1531
1473412394,APPL,432,1531
1473412394,APPL,432,1531
1473412394,APPL,432,1531
1473412395,APPL,433,1635
1473412395,APPL,433,1635
1473412395,APPL,433,1635
1473412396,APPL,433,1635
1473412396,APPL,434,1547
1473412396,APPL,434,1547
1473412396,APPL,434,1547
1473412397,APPL,434,1547
1473412397,APPL,435,1652
1473412397,APPL,435,1652
1473412397,APPL,435,1652
1473412397,APPL,435,1652
1473412398,APPL,436,1577
1473412398,APPL,436,1577
1473412398,APPL,436,1577
1473412398,APPL,436,1577
1473412399,APPL,437,1502
1473412399,APPL,437,1502
1473412400,APPL,437,1502
1473412400,APPL,437,1502
1473412400,APPL,438,1668
1473412400,APPL,438,1668
1473412400,APPL,438,1668
1473412401,APPL,438,1668
1473412401,APPL,439,1635
1473412401,APPL,439,1635
1473412402,APPL,439,1635
1473412402,APPL,439,1635
1473412402,APPL,440,1662
1473412402,APPL,440,1662
1473412402,APPL,440,1662
1473412403,APPL,440,1662
1473412403,APPL,441,1633
1473412403,APPL,441,1633
1473412404,APPL,441,1633
1473412404,APPL,441,1633
1473412404,APPL,442,1526
1473412404,APPL,442,1526
1473412404,APPL,442,1526
1473412404,APPL,442,1526
1473412405,APPL,443,1515
1473412405,APPL,443,1515
1473412405,APPL,443,1515
1473412405,APPL,443,1515
1473412406,APPL,444,1524
1473412406,APPL,444,1524
1473412406,APPL,444,1524
1473412406,APPL,444,1524
1473412407,APPL,445,1688
1473412407,APPL,445,1688
1473412407,APPL,445,1688
1473412408,APPL,445,1688
1473412408,APPL,446,1658
1473412408,APPL,446,1658
1473412408,APPL,446,1658
1473412408,APPL,446,1658
1473412409,APPL,447,1638
1473412409,APPL,447,1638
1473412409,APPL,447,1638
1473412410,APPL,447,1638
1473412410,APPL,448,1620
1473412410,APPL,448,1620
1473412410,APPL,448,1620
1473412411,APPL,448,1620
1473412411,APPL,449,1661
1473412411,APPL,449,1661
1473412411,APPL,449,1661
1473412412,APPL,449,1661
1473412412,APPL,450,1669
1473412412,APPL,450,1669
1473412412,APPL,450,1669
1473412413,APPL,450,1669
1473412413,APPL,451,1691
1473412413,APPL,451,1691
1473412414,APPL,451,1691
1473412414,APPL,451,1691
1473412414,APPL,452,1543
1473412414,APPL,452,1543
1473412414,APPL,452,1543
1473412415,APPL,452,1543
1473412415,APPL,453,1554
1473412415,APPL,453,1554
1473412415,APPL,453,1554
1473412415,APPL,453,1554
1473412416,APPL,454,1546
1473412416,APPL,454,1546
1473412416,APPL,454,1546
1473412416,APPL,454,1546
1473412417,APPL,455,1588
1473412417,APPL,455,1588
1473412417,APPL,455,1588
1473412417,APPL,455,1588
1473412418,APPL,456,1677
1473412418,APPL,456,1677
1473412418,APPL,456,1677
1473412419,APPL,456,1677
1473412419,APPL,457,1561
1473412419,APPL,457,1561
1473412420,APPL,457,1561
1473412420,APPL,457,1561
1473412420,APPL,458,1649
1473412420,APPL,458,1649
1473412420,APPL,458,1649
1473412420,APPL,458,1649
1473412421,APPL,459,1542
1473412421,APPL,459,1542
1473412421,APPL,459,1542
1473412421,APPL,459,1542
1473412422,APPL,460,1601
1473412422,APPL,460,1601
1473412423,APPL,460,1601
1473412423,APPL,460,1601
1473412423,APPL,461,1518
1473412423,APPL,461,1518
1473412424,APPL,461,1518
1473412424,APPL,461,1518
1473412424,APPL,462,1612
1473412424,APPL,462,1612
1473412424,APPL,462,1612
1473412425,APPL,462,1612
1473412425,APPL,463,1573
1473412425,APPL,463,1573
1473412425,APPL,463,1573
1473412426,APPL,463,1573
1473412426,APPL,464,1626
1473412426,APPL,464,1626
1473412426,APPL,464,1626
1473412427,APPL,464,1626
1473412427,APPL,465,1568
1473412427,APPL,465,1568
1473412428,APPL,465,1568
1473412428,APPL,465,1568
1473412428,APPL,466,1513
1473412428,APPL,466,1513
1473412428,APPL,466,1513
1473412428,APPL,466,1513
1473412429,APPL,467,1672
1473412429,APPL,467,1672
1473412430,APPL,467,1672
1473412430,APPL,467,1672
1473412430,APPL,468,1509
1473412430,APPL,468,1509
1473412430,APPL,468,1509
1473412431,APPL,468,1509
1473412432,APPL,469,1555
1473412432,APPL,469,1555
1473412432,APPL,469,1555
1473412432,APPL,469,1555
1473412432,APPL,470,1625
1473412432,APPL,470,1625
1473412433,APPL,470,1625
1473412433,APPL,470,1625
1473412433,APPL,471,1590
1473412433,APPL,471,1590
1473412434,APPL,471,1590
1473412434,APPL,471,1590
1473412434,APPL,472,1604
1473412434,APPL,472,1604
1473412434,APPL,472,1604
1473412434,APPL,472,1604
1473412435,APPL,473,1554
1473412435,APPL,473,1554
1473412435,APPL,473,1554
1473412435,APPL,473,1554
1473412436,APPL,474,1628
1473412436,APPL,474,1628
1473412436,APPL,474,1628
1473412437,APPL,474,1628
1473412437,APPL,475,1582
1473412437,APPL,475,1582
1473412437,APPL,475,1582
1473412438,APPL,475,1582
1473412438,APPL,476,1574
1473412438,APPL,476,1574
1473412439,APPL,476,1574
1473412439,APPL,476,1574
1473412439,APPL,477,1668
1473412439,APPL,477,1668
1473412439,APPL,477,1668
1473412440,APPL,477,1668
1473412440,APPL,478,1523
1473412440,APPL,478,1523
1473412441,APPL,478,1523
1473412441,APPL,478,1523
1473412441,APPL,479,1666
1473412441,APPL,479,1666
1473412441,APPL,479,1666
1473412442,APPL,479,1666
1473412442,APPL,480,1594
1473412442,APPL,480,1594
1473412442,APPL,480,1594
1473412442,APPL,480,1594
1473412443,APPL,481,1619
1473412443,APPL,481,1619
1473412443,APPL,481,1619
1473412443,APPL,481,1619
1473412444,APPL,482,1511
1473412444,APPL,482,1511
1473412444,APPL,482,1511
1473412444,APPL,482,1511
1473412445,APPL,483,1617
1473412445,APPL,483,1617
1473412445,APPL,483,1617
1473412446,APPL,483,1617
1473412446,APPL,484,1532
1473412446,APPL,484,1532
1473412446,APPL,484,1532
1473412447,APPL,484,1532
1473412447,APPL,485,1627
1473412447,APPL,485,1627
1473412447,APPL,485,1627
1473412447,APPL,485,1627
1473412448,APPL,486,1671
1473412448,APPL,486,1671
1473412448,APPL,486,1671
1473412449,APPL,486,1671
1473412449,APPL,487,1687
1473412449,APPL,487,1687
1473412450,APPL,487,1687
1473412450,APPL,487,1687
1473412450,APPL,488,1533
1473412450,APPL,488,1533
1473412450,APPL,488,1533
1473412451,APPL,488,1533
1473412451,APPL,489,1632
1473412452,APPL,489,1632
1473412452,APPL,489,1632
1473412452,APPL,489,1632
1473412452,APPL,490,1691
1473412452,APPL,490,1691
1473412452,APPL,490,1691
1473412452,APPL,490,1691
1473412453,APPL,491,1614
1473412454,APPL,491,1614
1473412454,APPL,491,1614
1473412454,APPL,491,1614
1473412454,APPL,492,1515
1473412454,APPL,492,1515
1473412455,APPL,492,1515
1473412455,APPL,492,1515
1473412455,APPL,493,1519
1473412455,APPL,493,1519
1473412455,APPL,493,1519
1473412455,APPL,493,1519
1473412456,APPL,494,1668
1473412457,APPL,494,1668
1473412457,APPL,494,1668
1473412457,APPL,494,1668
1473412457,APPL,495,1696
1473412458,APPL,495,1696
1473412458,APPL,495,1696
1473412458,APPL,495,1696
1473412458,APPL,496,1681
1473412458,APPL,496,1681
1473412458,APPL,496,1681
1473412458,APPL,496,1681
1473412459,APPL,497,1647
1473412459,APPL,497,1647
1473412459,APPL,497,1647
1473412460,APPL,497,1647
1473412460,APPL,498,1635
1473412460,APPL,498,1635
1473412460,APPL,498,1635
1473412461,APPL,498,1635
1473412461,APPL,499,1521
1473412461,APPL,499,1521
1473412461,APPL,499,1521
1473412462,APPL,499,1521
1473412462,APPL,500,1689
1473412462,APPL,500,1689
1473412463,APPL,500,1689
1473412463,APPL,500,1689
1473412463,APPL,501,1590
1473412463,APPL,501,1590
1473412463,APPL,501,1590
1473412463,APPL,501,1590
1473412464,APPL,502,1566
1473412464,APPL,502,1566
1473412465,APPL,502,1566
1473412465,APPL,502,1566
1473412465,APPL,503,1667
1473412465,APPL,503,1667
1473412465,APPL,503,1667
1473412466,APPL,503,1667
1473412466,APPL,504,1695
1473412466,APPL,504,1695
1473412466,APPL,504,1695
1473412466,APPL,504,1695
1473412467,APPL,505,1554
1473412467,APPL,505,1554
1473412467,APPL,505,1554
1473412467,APPL,505,1554
1473412468,APPL,506,1509
1473412468,APPL,506,1509
1473412468,APPL,506,1509
1473412469,APPL,506,1509
1473412469,APPL,507,1582
1473412469,APPL,507,1582
1473412469,APPL,507,1582
1473412470,APPL,507,1582
1473412470,APPL,508,1698
1473412470,APPL,508,1698
1473412470,APPL,508,1698
1473412470,APPL,508,1698
1473412471,APPL,509,1681
1473412471,APPL,509,1681
1473412471,APPL,509,1681
1473412471,APPL,509,1681
1473412472,APPL,510,1524
1473412472,APPL,510,1524
1473412472,APPL,510,1524
1473412473,APPL,510,1524
1473412473,APPL,511,1540
1473412473,APPL,511,1540
1473412474,APPL,511,1540
1473412474,APPL,511,1540
1473412474,APPL,512,1673
1473412474,APPL,512,1673
1473412474,APPL,512,1673
1473412474,APPL,512,1673
1473412475,APPL,513,1627
1473412475,APPL,513,1627
1473412475,APPL,513,1627
1473412476,APPL,513,1627
1473412476,APPL,514,1526
1473412476,APPL,514,1526
1473412476,APPL,514,1526
1473412476,APPL,514,1526
1473412477,APPL,515,1589
1473412477,APPL,515,1589
1473412477,APPL,515,1589
1473412477,APPL,515,1589
1473412478,APPL,516,1575
1473412478,APPL,516,1575
1473412479,APPL,516,1575
1473412479,APPL,516,1575
1473412479,APPL,517,1622
1473412479,APPL,517,1622
1473412479,APPL,517,1622
1473412480,APPL,517,1622
1473412480,APPL,518,1524
1473412480,APPL,518,1524
1473412480,APPL,518,1524
1473412481,APPL,518,1524
1473412481,APPL,519,1536
1473412481,APPL,519,1536
1473412481,APPL,519,1536
1473412482,APPL,519,1536
1473412482,APPL,520,1549
1473412482,APPL,520,1549
1473412482,APPL,520,1549
1473412482,APPL,520,1549
1473412483,APPL,521,1550
1473412483,APPL,521,1550
1473412483,APPL,521,1550
1473412484,APPL,521,1550
1473412484,APPL,522,1567
1473412485,APPL,522,1567
1473412485,APPL,522,1567
1473412485,APPL,522,1567
1473412485,APPL,523,1654
1473412485,APPL,523,1654
1473412485,APPL,523,1654
1473412486,APPL,523,1654
1473412486,APPL,524,1614
1473412486,APPL,524,1614
1473412486,APPL,524,1614
1473412487,APPL,524,1614
1473412487,APPL,525,1673
1473412487,APPL,525,1673
1473412487,APPL,525,1673
1473412487,APPL,525,1673
1473412488,APPL,526,1582
1473412488,APPL,526,1582
1473412488,APPL,526,1582
1473412488,APPL,526,1582
1473412489,APPL,527,1693
1473412490,APPL,527,1693
1473412490,APPL,527,1693
1473412490,APPL,527,1693
1473412490,APPL,528,1576
1473412490,APPL,528,1576
1473412491,APPL,528,1576
1473412491,APPL,528,1576
1473412491,APPL,529,1680
1473412491,APPL,529,1680
1473412492,APPL,529,1680
1473412492,APPL,529,1680
1473412492,APPL,530,1587
1473412492,APPL,530,1587
1473412492,APPL,530,1587
1473412493,APPL,530,1587
1473412493,APPL,531,1680
1473412493,APPL,531,1680
1473412493,APPL,531,1680
1473412494,APPL,531,1680
1473412494,APPL,532,1639
1473412494,APPL,532,1639
1473412495,APPL,532,1639
1473412495,APPL,532,1639
1473412495,APPL,533,1535
1473412495,APPL,533,1535
1473412495,APPL,533,1535
1473412496,APPL,533,1535
1473412496,APPL,534,1684
1473412496,APPL,534,1684
1473412496,APPL,534,1684
1473412497,APPL,534,1684
1473412497,APPL,535,1646
1473412497,APPL,535,1646
1473412498,APPL,535,1646
1473412498,APPL,535,1646
1473412498,APPL,536,1659
1473412498,APPL,536,1659
1473412498,APPL,536,1659
1473412498,APPL,536,1659
1473412499,APPL,537,1658
1473412499,APPL,537,1658
1473412500,APPL,537,1658
1473412500,APPL,537,1658
1473412500,APPL,538,1648
1473412500,APPL,538,1648
1473412500,APPL,538,1648
1473412501,APPL,538,1648
1473412501,APPL,539,1505
1473412501,APPL,539,1505
1473412501,APPL,539,1505
1473412502,APPL,539,1505
1473412502,APPL,540,1596
1473412502,APPL,540,1596
1473412502,APPL,540,1596
1473412503,APPL,540,1596
1473412503,APPL,541,1520
1473412503,APPL,541,1520
1473412503,APPL,541,1520
1473412504,APPL,541,1520
1473412504,APPL,542,1552
1473412504,APPL,542,1552
1473412504,APPL,542,1552
1473412504,APPL,542,1552
1473412505,APPL,543,1573
1473412505,APPL,543,1573
1473412505,APPL,543,1573
1473412505,APPL,543,1573
1473412506,APPL,544,1663
1473412506,APPL,544,1663
1473412506,APPL,544,1663
1473412506,APPL,544,1663
1473412507,APPL,545,1580
1473412507,APPL,545,1580
1473412507,APPL,545,1580
1473412508,APPL,545,1580
1473412508,APPL,546,1633
1473412508,APPL,546,1633
1473412508,APPL,546,1633
1473412509,APPL,546,1633
1473412509,APPL,547,1608
1473412509,APPL,547,1608
1473412510,APPL,547,1608
1473412510,APPL,547,1608
1473412510,APPL,548,1692
1473412510,APPL,548,1692
1473412510,APPL,548,1692
1473412511,APPL,548,1692
1473412511,APPL,549,1676
1473412511,APPL,549,1676
1473412511,APPL,549,1676
1473412511,APPL,549,1676
1473412512,APPL,550,1545
1473412512,APPL,550,1545
1473412512,APPL,550,1545
1473412512,APPL,550,1545
1473412513,APPL,551,1674
1473412513,APPL,551,1674
1473412513,APPL,551,1674
1473412513,APPL,551,1674
1473412514,APPL,552,1639
1473412515,APPL,552,1639
1473412515,APPL,552,1639
1473412515,APPL,552,1639
1473412515,APPL,553,1576
1473412515,APPL,553,1576
1473412515,APPL,553,1576
1473412516,APPL,553,1576
1473412516,APPL,554,1585
1473412517,APPL,554,1585
1473412517,APPL,554,1585
1473412517,APPL,554,1585
1473412517,APPL,555,1613
1473412517,APPL,555,1613
1473412517,APPL,555,1613
1473412517,APPL,555,1613
1473412518,APPL,556,1538
1473412518,APPL,556,1538
1473412518,APPL,556,1538
1473412518,APPL,556,1538
1473412519,APPL,557,1600
1473412519,APPL,557,1600
1473412519,APPL,557,1600
1473412520,APPL,557,1600
1473412520,APPL,558,1513
1473412520,APPL,558,1513
1473412521,APPL,558,1513
1473412521,APPL,558,1513
1473412521,APPL,559,1586
1473412521,APPL,559,1586
1473412521,APPL,559,1586
1473412522,APPL,559,1586
1473412522,APPL,560,1646
1473412522,APPL,560,1646
1473412523,APPL,560,1646
1473412523,APPL,560,1646
1473412523,APPL,561,1656
1473412523,APPL,561,1656
1473412523,APPL,561,1656
1473412524,APPL,561,1656
1473412524,APPL,562,1568
1473412524,APPL,562,1568
1473412524,APPL,562,1568
1473412525,APPL,562,1568
1473412525,APPL,563,1544
1473412525,APPL,563,1544
1473412525,APPL,563,1544
1473412526,APPL,563,1544
1473412526,APPL,564,1613
1473412527,APPL,564,1613
1473412527,APPL,564,1613
1473412527,APPL,564,1613
1473412527,APPL,565,1566
1473412527,APPL,565,1566
1473412528,APPL,565,1566
1473412528,APPL,565,1566
1473412528,APPL,566,1590
1473412528,APPL,566,1590
1473412528,APPL,566,1590
1473412528,APPL,566,1590
1473412529,APPL,567,1605
1473412529,APPL,567,1605
1473412530,APPL,567,1605
1473412530,APPL,567,1605
1473412530,APPL,568,1645
1473412530,APPL,568,1645
1473412530,APPL,568,1645
1473412530,APPL,568,1645
1473412531,APPL,569,1558
1473412531,APPL,569,1558
1473412531,APPL,569,1558
1473412531,APPL,569,1558
1473412532,APPL,570,1595
1473412532,APPL,570,1595
1473412532,APPL,570,1595
1473412533,APPL,570,1595
1473412533,APPL,571,1505
1473412533,APPL,571,1505
1473412533,APPL,571,1505
1473412534,APPL,571,1505
1473412534,APPL,572,1632
1473412534,APPL,572,1632
1473412534,APPL,572,1632
1473412535,APPL,572,1632
1473412535,APPL,573,1501
1473412535,APPL,573,1501
1473412535,APPL,573,1501
1473412536,APPL,573,1501
1473412536,APPL,574,1662
1473412536,APPL,574,1662
1473412536,APPL,574,1662
1473412536,APPL,574,1662
1473412537,APPL,575,1530
1473412537,APPL,575,1530
1473412538,APPL,575,1530
1473412538,APPL,575,1530
1473412538,APPL,576,1597
1473412538,APPL,576,1597
1473412538,APPL,576,1597
1473412539,APPL,576,1597
1473412539,APPL,577,1614
1473412539,APPL,577,1614
1473412539,APPL,577,1614
1473412540,APPL,577,1614
1473412540,APPL,578,1552
1473412540,APPL,578,1552
1473412541,APPL,578,1552
1473412541,APPL,578,1552
1473412541,APPL,579,1545
1473412541,APPL,579,1545
1473412541,APPL,579,1545
1473412541,APPL,579,1545
1473412542,APPL,580,1683
1473412542,APPL,580,1683
1473412543,APPL,580,1683
1473412543,APPL,580,1683
1473412543,APPL,581,1519
1473412543,APPL,581,1519
1473412543,APPL,581,1519
1473412543,APPL,581,1519
1473412544,APPL,582,1681
1473412544,APPL,582,1681
1473412544,APPL,582,1681
1473412545,APPL,582,1681
1473412545,APPL,583,1515
1473412545,APPL,583,1515
1473412545,APPL,583,1515
1473412545,APPL,583,1515
1473412546,APPL,584,1608
1473412546,APPL,584,1608
1473412546,APPL,584,1608
1473412547,APPL,584,1608
1473412547,APPL,585,1600
1473412547,APPL,585,1600
1473412548,APPL,585,1600
1473412548,APPL,585,1600
1473412548,APPL,586,1505
1473412548,APPL,586,1505
1473412548,APPL,586,1505
1473412549,APPL,586,1505
1473412549,APPL,587,1667
1473412549,APPL,587,1667
1473412549,APPL,587,1667
1473412549,APPL,587,1667
1473412550,APPL,588,1592
1473412551,APPL,588,1592
1473412551,APPL,588,1592
1473412551,APPL,588,1592
1473412551,APPL,589,1643
1473412551,APPL,589,1643
1473412551,APPL,589,1643
1473412552,APPL,589,1643
1473412552,APPL,590,1696
1473412552,APPL,590,1696
1473412553,APPL,590,1696
1473412553,APPL,590,1696
1473412553,APPL,591,1618
1473412553,APPL,591,1618
1473412553,APPL,591,1618
1473412554,APPL,591,1618
1473412554,APPL,592,1628
1473412555,APPL,592,1628
1473412555,APPL,592,1628
1473412555,APPL,592,1628
1473412555,APPL,593,1519
1473412555,APPL,593,1519
1473412555,APPL,593,1519
1473412556,APPL,593,1519
1473412556,APPL,594,1554
1473412556,APPL,594,1554
1473412557,APPL,594,1554
1473412557,APPL,594,1554
1473412557,APPL,595,1563
1473412557,APPL,595,1563
1473412557,APPL,595,1563
1473412558,APPL,595,1563
1473412558,APPL,596,1575
1473412558,APPL,596,1575
1473412558,APPL,596,1575
1473412559,APPL,596,1575
1473412559,APPL,597,1530
1473412559,APPL,597,1530
1473412559,APPL,597,1530
1473412560,APPL,597,1530
1473412560,APPL,598,1546
1473412560,APPL,598,1546
1473412561,APPL,598,1546
1473412561,APPL,598,1546
1473412561,APPL,599,1568
1473412561,APPL,599,1568
1473412561,APPL,599,1568
1473412562,APPL,599,1568
1473412562,APPL,600,1575
1473412562,APPL,600,1575
1473412563,APPL,600,1575
1473412563,APPL,600,1575
1473412563,APPL,601,1580
1473412563,APPL,601,1580
1473412563,APPL,601,1580
1473412564,APPL,602,1529
1473412564,APPL,602,1529
1473412565,APPL,602,1529
1473412565,APPL,602,1529
1473412565,APPL,603,1623
1473412565,APPL,603,1623
1473412565,APPL,603,1623
1473412566,APPL,603,1623
1473412566,APPL,604,1631
1473412566,APPL,604,1631
1473412567,APPL,604,1631
1473412567,APPL,604,1631
1473412567,APPL,605,1653
1473412567,APPL,605,1653
1473412567,APPL,605,1653
1473412568,APPL,605,1653
1473412568,APPL,606,1583
1473412568,APPL,606,1583
1473412568,APPL,606,1583
1473412568,APPL,606,1583
1473412569,APPL,607,1636
1473412569,APPL,607,1636
1473412570,APPL,607,1636
1473412570,APPL,607,1636
1473412570,APPL,608,1619
1473412570,APPL,608,1619
1473412571,APPL,608,1619
1473412571,APPL,608,1619
1473412571,APPL,609,1665
1473412571,APPL,609,1665
1473412571,APPL,609,1665
1473412571,APPL,609,1665
1473412572,APPL,610,1552
1473412572,APPL,610,1552
1473412572,APPL,610,1552
1473412573,APPL,610,1552
1473412573,APPL,611,1590
1473412574,APPL,611,1590
1473412574,APPL,611,1590
1473412574,APPL,611,1590
1473412574,APPL,612,1654
1473412574,APPL,612,1654
1473412574,APPL,612,1654
1473412575,APPL,612,1654
1473412575,APPL,613,1586
1473412575,APPL,613,1586
1473412576,APPL,613,1586
1473412576,APPL,613,1586
1473412576,APPL,614,1679
1473412576,APPL,614,1679
1473412576,APPL,614,1679
1473412577,APPL,614,1679
1473412577,APPL,615,1595
1473412577,APPL,615,1595
1473412577,APPL,615,1595
1473412578,APPL,615,1595
1473412578,APPL,616,1629
1473412578,APPL,616,1629
1473412578,APPL,616,1629
1473412579,APPL,616,1629
1473412579,APPL,617,1604
1473412579,APPL,617,1604
1473412579,APPL,617,1604
1473412580,APPL,617,1604
1473412580,APPL,618,1569
1473412580,APPL,618,1569
1473412581,APPL,618,1569
1473412581,APPL,618,1569
1473412581,APPL,619,1594
1473412581,APPL,619,1594
1473412581,APPL,619,1594
1473412582,APPL,619,1594
1473412582,APPL,620,1542
1473412582,APPL,620,1542
1473412582,APPL,620,1542
1473412583,APPL,620,1542
1473412583,APPL,621,1563
1473412583,APPL,621,1563
1473412583,APPL,621,1563
1473412583,APPL,621,1563
1473412584,APPL,622,1534
1473412585,APPL,622,1534
1473412585,APPL,622,1534
1473412585,APPL,622,1534
1473412585,APPL,623,1688
1473412585,APPL,623,1688
1473412585,APPL,623,1688
1473412586,APPL,623,1688
1473412586,APPL,624,1609
1473412586,APPL,624,1609
1473412587,APPL,624,1609
1473412587,APPL,624,1609
1473412587,APPL,625,1543
1473412587,APPL,625,1543
1473412587,APPL,625,1543
1473412588,APPL,625,1543
1473412588,APPL,626,1547
1473412588,APPL,626,1547
1473412588,APPL,626,1547
1473412589,APPL,626,1547
1473412589,APPL,627,1579
1473412589,APPL,627,1579
1473412589,APPL,627,1579
1473412590,APPL,627,1579
1473412590,APPL,628,1656
1473412590,APPL,628,1656
1473412591,APPL,628,1656
1473412591,APPL,628,1656
1473412591,APPL,629,1687
1473412591,APPL,629,1687
1473412591,APPL,629,1687
1473412591,APPL,629,1687
1473412592,APPL,630,1664
1473412592,APPL,630,1664
1473412592,APPL,630,1664
1473412592,APPL,630,1664
1473412593,APPL,631,1677
1473412594,APPL,631,1677
1473412594,APPL,631,1677
1473412594,APPL,631,1677
1473412594,APPL,632,1685
1473412594,APPL,632,1685
1473412594,APPL,632,1685
1473412595,APPL,632,1685
1473412595,APPL,633,1641
1473412595,APPL,633,1641
1473412596,APPL,633,1641
1473412596,APPL,633,1641
1473412596,APPL,634,1662
1473412596,APPL,634,1662
1473412596,APPL,634,1662
1473412596,APPL,634,1662
1473412597,APPL,635,1502
1473412597,APPL,635,1502
1473412597,APPL,635,1502
1473412597,APPL,635,1502
1473412598,APPL,636,1534
1473412598,APPL,636,1534
1473412599,APPL,636,1534
1473412599,APPL,636,1534
1473412599,APPL,637,1543
1473412599,APPL,637,1543
1473412599,APPL,637,1543
1473412599,APPL,637,1543
1473412600,APPL,638,1612
1473412600,APPL,638,1612
1473412600,APPL,638,1612
1473412601,APPL,638,1612
1473412601,APPL,639,1643
1473412601,APPL,639,1643
1473412602,APPL,639,1643
1473412602,APPL,639,1643
1473412602,APPL,640,1524
1473412602,APPL,640,1524
1473412602,APPL,640,1524
1473412602,APPL,640,1524
1473412603,APPL,641,1500
1473412603,APPL,641,1500
1473412604,APPL,641,1500
1473412604,APPL,641,1500
1473412604,APPL,642,1649
1473412604,APPL,642,1649
1473412605,APPL,642,1649
1473412605,APPL,642,1649
1473412605,APPL,643,1542
1473412605,APPL,643,1542
1473412605,APPL,643,1542
1473412606,APPL,643,1542
1473412606,APPL,644,1650
1473412606,APPL,644,1650
1473412606,APPL,644,1650
1473412606,APPL,644,1650
1473412607,APPL,645,1676
1473412607,APPL,645,1676
1473412607,APPL,645,1676
1473412608,APPL,645,1676
1473412608,APPL,646,1587
1473412608,APPL,646,1587
1473412609,APPL,646,1587
1473412609,APPL,646,1587
1473412609,APPL,647,1654
1473412609,APPL,647,1654
1473412610,APPL,647,1654
1473412610,APPL,647,1654
1473412610,APPL,648,1580
1473412610,APPL,648,1580
1473412611,APPL,648,1580
1473412611,APPL,648,1580
1473412611,APPL,649,1667
1473412611,APPL,649,1667
1473412611,APPL,649,1667
1473412612,APPL,649,1667
1473412612,APPL,650,1509
1473412612,APPL,650,1509
1473412612,APPL,650,1509
1473412613,APPL,650,1509
1473412613,APPL,651,1645
1473412613,APPL,651,1645
1473412614,APPL,651,1645
1473412614,APPL,651,1645
1473412614,APPL,652,1544
1473412614,APPL,652,1544
1473412614,APPL,652,1544
1473412615,APPL,652,1544
1473412615,APPL,653,1685
1473412615,APPL,653,1685
1473412615,APPL,653,1685
1473412616,APPL,653,1685
1473412616,APPL,654,1622
1473412616,APPL,654,1622
1473412616,APPL,654,1622
1473412617,APPL,654,1622
1473412617,APPL,655,1644
1473412617,APPL,655,1644
1473412618,APPL,655,1644
1473412618,APPL,655,1644
1473412618,APPL,656,1570
1473412618,APPL,656,1570
1473412618,APPL,656,1570
1473412618,APPL,656,1570
1473412619,APPL,657,1534
1473412619,APPL,657,1534
1473412619,APPL,657,1534
1473412619,APPL,657,1534
1473412620,APPL,658,1505
1473412620,APPL,658,1505
1473412620,APPL,658,1505
1473412621,APPL,658,1505
1473412621,APPL,659,1591
1473412621,APPL,659,1591
1473412622,APPL,659,1591
1473412622,APPL,659,1591
1473412622,APPL,660,1590
1473412622,APPL,660,1590
1473412622,APPL,660,1590
1473412622,APPL,660,1590
1473412623,APPL,661,1605
1473412623,APPL,661,1605
1473412623,APPL,661,1605
1473412624,APPL,661,1605
1473412624,APPL,662,1538
1473412624,APPL,662,1538
1473412624,APPL,662,1538
1473412625,APPL,662,1538
1473412625,APPL,663,1628
1473412625,APPL,663,1628
1473412625,APPL,663,1628
1473412626,APPL,663,1628
1473412626,APPL,664,1578
1473412626,APPL,664,1578
1473412627,APPL,664,1578
1473412627,APPL,664,1578
1473412627,APPL,665,1579
1473412627,APPL,665,1579
1473412628,APPL,665,1579
1473412628,APPL,665,1579
1473412628,APPL,666,1595
1473412628,APPL,666,1595
1473412628,APPL,666,1595
1473412629,APPL,666,1595
1473412629,APPL,667,1626
1473412629,APPL,667,1626
1473412629,APPL,667,1626
1473412629,APPL,667,1626
1473412630,APPL,668,1541
1473412630,APPL,668,1541
1473412630,APPL,668,1541
1473412631,APPL,668,1541
1473412631,APPL,669,1547
1473412631,APPL,669,1547
1473412632,APPL,669,1547
1473412632,APPL,669,1547
1473412632,APPL,670,1510
1473412632,APPL,670,1510
1473412632,APPL,670,1510
1473412632,APPL,670,1510
1473412633,APPL,671,1544
1473412633,APPL,671,1544
1473412634,APPL,671,1544
1473412634,APPL,671,1544
1473412634,APPL,672,1624
1473412635,APPL,672,1624
1473412635,APPL,672,1624
1473412635,APPL,672,1624
1473412635,APPL,673,1617
1473412635,APPL,673,1617
1473412635,APPL,673,1617
1473412636,APPL,673,1617
1473412636,APPL,674,1592
1473412636,APPL,674,1592
1473412636,APPL,674,1592
1473412636,APPL,674,1592
1473412637,APPL,675,1624
1473412637,APPL,675,1624
1473412637,APPL,675,1624
1473412637,APPL,675,1624
1473412638,APPL,676,1562
1473412638,APPL,676,1562
1473412638,APPL,676,1562
1473412639,APPL,676,1562
1473412639,APPL,677,1665
1473412640,APPL,677,1665
1473412640,APPL,677,1665
1473412640,APPL,677,1665
1473412640,APPL,678,1582
1473412640,APPL,678,1582
1473412640,APPL,678,1582
1473412641,APPL,678,1582
1473412641,APPL,679,1680
1473412641,APPL,679,1680
1473412642,APPL,679,1680
1473412642,APPL,679,1680
1473412642,APPL,680,1507
1473412642,APPL,680,1507
1473412642,APPL,680,1507
1473412643,APPL,680,1507
1473412643,APPL,681,1584
1473412643,APPL,681,1584
1473412643,APPL,681,1584
1473412644,APPL,681,1584
1473412644,APPL,682,1503
1473412644,APPL,682,1503
1473412645,APPL,682,1503
1473412645,APPL,682,1503
1473412645,APPL,683,1564
1473412645,APPL,683,1564
1473412646,APPL,683,1564
1473412646,APPL,683,1564
1473412646,APPL,684,1621
1473412646,APPL,684,1621
1473412647,APPL,684,1621
1473412647,APPL,684,1621
1473412647,APPL,685,1610
1473412647,APPL,685,1610
1473412647,APPL,685,1610
1473412648,APPL,685,1610
1473412648,APPL,686,1684
1473412648,APPL,686,1684
1473412649,APPL,686,1684
1473412649,APPL,686,1684
1473412649,APPL,687,1563
1473412650,APPL,687,1563
1473412650,APPL,687,1563
1473412650,APPL,687,1563
1473412650,APPL,688,1576
1473412650,APPL,688,1576
1473412651,APPL,688,1576
1473412651,APPL,688,1576
1473412651,APPL,689,1645
1473412651,APPL,689,1645
1473412652,APPL,689,1645
1473412652,APPL,689,1645
1473412652,APPL,690,1688
1473412652,APPL,690,1688
1473412653,APPL,690,1688
1473412653,APPL,690,1688
1473412653,APPL,691,1634
1473412653,APPL,691,1634
1473412653,APPL,691,1634
1473412654,APPL,691,1634
1473412654,APPL,692,1562
1473412654,APPL,692,1562
1473412655,APPL,692,1562
1473412655,APPL,692,1562
1473412655,APPL,693,1674
1473412655,APPL,693,1674
1473412655,APPL,693,1674
1473412656,APPL,693,1674
1473412656,APPL,694,1698
1473412656,APPL,694,1698
1473412657,APPL,694,1698
1473412657,APPL,694,1698
1473412657,APPL,695,1612
1473412657,APPL,695,1612
1473412657,APPL,695,1612
1473412658,APPL,695,1612
1473412658,APPL,696,1618
1473412658,APPL,696,1618
1473412658,APPL,696,1618
1473412658,APPL,696,1618
1473412659,APPL,697,1591
1473412659,APPL,697,1591
1473412660,APPL,697,1591
1473412660,APPL,697,1591
1473412660,APPL,698,1522
1473412660,APPL,698,1522
1473412661,APPL,698,1522
1473412661,APPL,698,1522
1473412661,APPL,699,1652
1473412661,APPL,699,1652
1473412661,APPL,699,1652
1473412662,APPL,699,1652
1473412662,APPL,700,1587
1473412662,APPL,700,1587
1473412662,APPL,700,1587
1473412663,APPL,700,1587
1473412663,APPL,701,1529
1473412663,APPL,701,1529
1473412663,APPL,701,1529
1473412663,APPL,701,1529
1473412664,APPL,702,1692
1473412664,APPL,702,1692
1473412664,APPL,702,1692
1473412665,APPL,702,1692
1473412665,APPL,703,1691
1473412665,APPL,703,1691
1473412666,APPL,703,1691
1473412666,APPL,703,1691
1473412666,APPL,704,1588
1473412666,APPL,704,1588
1473412666,APPL,704,1588
1473412667,APPL,704,1588
1473412667,APPL,705,1598
1473412667,APPL,705,1598
1473412668,APPL,705,1598
1473412668,APPL,705,1598
1473412668,APPL,706,1590
1473412668,APPL,706,1590
1473412668,APPL,706,1590
1473412669,APPL,706,1590
1473412669,APPL,707,1581
1473412669,APPL,707,1581
1473412670,APPL,707,1581
1473412670,APPL,707,1581
1473412670,APPL,708,1643
1473412670,APPL,708,1643
1473412670,APPL,708,1643
1473412671,APPL,708,1643
1473412671,APPL,709,1623
1473412671,APPL,709,1623
1473412672,APPL,709,1623
1473412672,APPL,709,1623
1473412672,APPL,710,1584
1473412672,APPL,710,1584
1473412672,APPL,710,1584
1473412672,APPL,710,1584
1473412673,APPL,711,1586
1473412673,APPL,711,1586
1473412673,APPL,711,1586
1473412674,APPL,711,1586
1473412674,APPL,712,1528
1473412674,APPL,712,1528
1473412674,APPL,712,1528
1473412675,APPL,712,1528
1473412675,APPL,713,1529
1473412675,APPL,713,1529
1473412675,APPL,713,1529
1473412675,APPL,713,1529
1473412676,APPL,714,1690
1473412676,APPL,714,1690
1473412677,APPL,714,1690
1473412677,APPL,714,1690
1473412677,APPL,715,1697
1473412677,APPL,715,1697
1473412677,APPL,715,1697
1473412677,APPL,715,1697
1473412678,APPL,716,1565
1473412678,APPL,716,1565
1473412678,APPL,716,1565
1473412678,APPL,716,1565
1473412679,APPL,717,1606
1473412679,APPL,717,1606
1473412680,APPL,717,1606
1473412680,APPL,717,1606
1473412680,APPL,718,1665
1473412680,APPL,718,1665
1473412680,APPL,718,1665
1473412681,APPL,718,1665
1473412681,APPL,719,1503
1473412681,APPL,719,1503
1473412681,APPL,719,1503
1473412681,APPL,719,1503
1473412682,APPL,720,1577
1473412682,APPL,720,1577
1473412683,APPL,720,1577
1473412683,APPL,720,1577
1473412683,APPL,721,1584
1473412683,APPL,721,1584
1473412684,APPL,721,1584
1473412684,APPL,721,1584
1473412684,APPL,722,1549
1473412684,APPL,722,1549
1473412684,APPL,722,1549
1473412685,APPL,722,1549
1473412685,APPL,723,1547
1473412685,APPL,723,1547
1473412685,APPL,723,1547
1473412685,APPL,723,1547
1473412686,APPL,724,1628
1473412686,APPL,724,1628
1473412687,APPL,724,1628
1473412687,APPL,724,1628
1473412687,APPL,725,1514
1473412687,APPL,725,1514
1473412687,APPL,725,1514
1473412688,APPL,725,1514
1473412688,APPL,726,1639
1473412688,APPL,726,1639
1473412688,APPL,726,1639
1473412688,APPL,726,1639
1473412689,APPL,727,1654
1473412690,APPL,727,1654
1473412690,APPL,727,1654
1473412690,APPL,727,1654
1473412690,APPL,728,1583
1473412691,APPL,728,1583
1473412691,APPL,728,1583
1473412691,APPL,728,1583
1473412691,APPL,729,1552
1473412691,APPL,729,1552
1473412691,APPL,729,1552
1473412692,APPL,729,1552
1473412692,APPL,730,1547
1473412692,APPL,730,1547
1473412693,APPL,730,1547
1473412693,APPL,730,1547
1473412693,APPL,731,1540
1473412693,APPL,731,1540
1473412693,APPL,731,1540
1473412693,APPL,731,1540
1473412694,APPL,732,1538
1473412694,APPL,732,1538
1473412694,APPL,732,1538
1473412695,APPL,732,1538
1473412695,APPL,733,1582
1473412695,APPL,733,1582
1473412696,APPL,733,1582
1473412696,APPL,733,1582
1473412696,APPL,734,1559
1473412696,APPL,734,1559
1473412696,APPL,734,1559
1473412696,APPL,734,1559
1473412697,APPL,735,1648
1473412697,APPL,735,1648
1473412698,APPL,735,1648
1473412698,APPL,735,1648
1473412698,APPL,736,1546
1473412698,APPL,736,1546
1473412698,APPL,736,1546
1473412699,APPL,736,1546
1473412699,APPL,737,1586
1473412699,APPL,737,1586
1473412699,APPL,737,1586
1473412699,APPL,737,1586
1473412700,APPL,738,1531
1473412700,APPL,738,1531
1473412701,APPL,738,1531
1473412701,APPL,738,1531
1473412701,APPL,739,1608
1473412701,APPL,739,1608
1473412701,APPL,739,1608
1473412702,APPL,739,1608
1473412702,APPL,740,1623
1473412702,APPL,740,1623
1473412702,APPL,740,1623
1473412703,APPL,740,1623
1473412703,APPL,741,1548
1473412703,APPL,741,1548
1473412703,APPL,741,1548
1473412703,APPL,741,1548
1473412704,APPL,742,1668
1473412704,APPL,742,1668
1473412704,APPL,742,1668
1473412704,APPL,742,1668
1473412705,APPL,743,1613
1473412705,APPL,743,1613
1473412705,APPL,743,1613
1473412706,APPL,743,1613
1473412706,APPL,744,1642
1473412706,APPL,744,1642
1473412706,APPL,744,1642
1473412707,APPL,745,1635
1473412707,APPL,745,1635
1473412707,APPL,745,1635
1473412708,APPL,745,1635
1473412708,APPL,746,1669
1473412708,APPL,746,1669
1473412709,APPL,746,1669
1473412709,APPL,746,1669
1473412709,APPL,747,1660
1473412710,APPL,747,1660
1473412710,APPL,747,1660
1473412710,APPL,747,1660
1473412710,APPL,748,1589
1473412710,APPL,748,1589
1473412710,APPL,748,1589
1473412711,APPL,748,1589
1473412711,APPL,749,1518
1473412711,APPL,749,1518
1473412712,APPL,749,1518
1473412712,APPL,749,1518
1473412712,APPL,750,1538
1473412712,APPL,750,1538
1473412712,APPL,750,1538
1473412713,APPL,750,1538
1473412713,APPL,751,1612
1473412713,APPL,751,1612
1473412714,APPL,751,1612
1473412714,APPL,751,1612
1473412714,APPL,752,1550
1473412714,APPL,752,1550
1473412714,APPL,752,1550
1473412714,APPL,752,1550
1473412715,APPL,753,1690
1473412716,APPL,753,1690
1473412716,APPL,753,1690
1473412716,APPL,753,1690
1473412716,APPL,754,1516
1473412716,APPL,754,1516
1473412716,APPL,754,1516
1473412716,APPL,754,1516
1473412717,APPL,755,1607
1473412717,APPL,755,1607
1473412718,APPL,755,1607
1473412718,APPL,755,1607
1473412718,APPL,756,1510
1473412718,APPL,756,1510
1473412719,APPL,756,1510
1473412719,APPL,756,1510
1473412719,APPL,757,1519
1473412719,APPL,757,1519
1473412719,APPL,757,1519
1473412720,APPL,757,1519
1473412720,APPL,758,1546
1473412720,APPL,758,1546
1473412720,APPL,758,1546
1473412721,APPL,758,1546
1473412721,APPL,759,1673
1473412721,APPL,759,1673
1473412721,APPL,759,1673
1473412722,APPL,759,1673
1473412722,APPL,760,1510
1473412722,APPL,760,1510
1473412722,APPL,760,1510
1473412723,APPL,760,1510
1473412723,APPL,761,1682
1473412723,APPL,761,1682
1473412723,APPL,761,1682
1473412724,APPL,761,1682
1473412724,APPL,762,1630
1473412724,APPL,762,1630
1473412724,APPL,762,1630
1473412725,APPL,762,1630
1473412725,APPL,763,1672
1473412725,APPL,763,1672
1473412725,APPL,763,1672
1473412725,APPL,763,1672
1473412726,APPL,764,1601
1473412726,APPL,764,1601
1473412726,APPL,764,1601
1473412727,APPL,764,1601
1473412727,APPL,765,1554
1473412727,APPL,765,1554
1473412727,APPL,765,1554
1473412728,APPL,765,1554
1473412728,APPL,766,1567
1473412728,APPL,766,1567
1473412728,APPL,766,1567
1473412728,APPL,766,1567
1473412729,APPL,767,1617
1473412730,APPL,767,1617
1473412730,APPL,767,1617
1473412730,APPL,767,1617
1473412731,APPL,768,1525
1473412731,APPL,768,1525
1473412731,APPL,768,1525
1473412731,APPL,768,1525
1473412731,APPL,769,1553
1473412731,APPL,769,1553
1473412731,APPL,769,1553
1473412732,APPL,769,1553
1473412732,APPL,770,1540
1473412732,APPL,770,1540
1473412733,APPL,770,1540
1473412733,APPL,770,1540
1473412733,APPL,771,1530
1473412734,APPL,771,1530
1473412734,APPL,771,1530
1473412734,APPL,771,1530
1473412734,APPL,772,1579
1473412734,APPL,772,1579
1473412735,APPL,772,1579
1473412735,APPL,772,1579
1473412735,APPL,773,1656
1473412735,APPL,773,1656
1473412736,APPL,773,1656
1473412736,APPL,774,1682
1473412736,APPL,774,1682
1473412736,APPL,774,1682
1473412737,APPL,774,1682
1473412737,APPL,775,1656
1473412737,APPL,775,1656
1473412738,APPL,775,1656
1473412738,APPL,775,1656
1473412738,APPL,776,1564
1473412738,APPL,776,1564
1473412738,APPL,776,1564
1473412739,APPL,776,1564
1473412739,APPL,777,1640
1473412739,APPL,777,1640
1473412739,APPL,777,1640
1473412740,APPL,777,1640
1473412740,APPL,778,1603
1473412740,APPL,778,1603
1473412740,APPL,778,1603
1473412740,APPL,778,1603
1473412741,APPL,779,1570
1473412741,APPL,779,1570
1473412741,APPL,779,1570
1473412742,APPL,779,1570
1473412742,APPL,780,1685
1473412742,APPL,780,1685
1473412743,APPL,780,1685
1473412743,APPL,780,1685
1473412743,APPL,781,1612
1473412743,APPL,781,1612
1473412743,APPL,781,1612
1473412744,APPL,781,1612
1473412744,APPL,782,1682
1473412744,APPL,782,1682
1473412745,APPL,782,1682
1473412745,APPL,782,1682
1473412745,APPL,783,1587
1473412745,APPL,783,1587
1473412745,APPL,783,1587
1473412745,APPL,783,1587
1473412746,APPL,784,1511
1473412746,APPL,784,1511
1473412747,APPL,784,1511
1473412747,APPL,784,1511
1473412747,APPL,785,1541
1473412748,APPL,785,1541
1473412748,APPL,785,1541
1473412748,APPL,785,1541
1473412748,APPL,786,1699
1473412748,APPL,786,1699
1473412748,APPL,786,1699
1473412749,APPL,786,1699
1473412749,APPL,787,1680
1473412749,APPL,787,1680
1473412750,APPL,787,1680
1473412750,APPL,787,1680
1473412750,APPL,788,1532
1473412750,APPL,788,1532
1473412750,APPL,788,1532
1473412751,APPL,788,1532
1473412751,APPL,789,1612
1473412751,APPL,789,1612
1473412752,APPL,789,1612
1473412752,APPL,789,1612
1473412752,APPL,790,1611
1473412752,APPL,790,1611
1473412752,APPL,790,1611
1473412753,APPL,790,1611
1473412753,APPL,791,1560
1473412753,APPL,791,1560
1473412754,APPL,791,1560
1473412754,APPL,791,1560
1473412754,APPL,792,1506
1473412754,APPL,792,1506
1473412755,APPL,792,1506
1473412755,APPL,792,1506
1473412755,APPL,793,1612
1473412755,APPL,793,1612
1473412755,APPL,793,1612
1473412756,APPL,793,1612
1473412756,APPL,794,1509
1473412756,APPL,794,1509
1473412756,APPL,794,1509
1473412757,APPL,794,1509
1473412757,APPL,795,1619
1473412757,APPL,795,1619
1473412757,APPL,795,1619
1473412758,APPL,795,1619
1473412758,APPL,796,1674
1473412758,APPL,796,1674
1473412759,APPL,796,1674
1473412759,APPL,796,1674
1473412759,APPL,797,1673
1473412759,APPL,797,1673
1473412759,APPL,797,1673
1473412760,APPL,797,1673
1473412760,APPL,798,1620
1473412760,APPL,798,1620
1473412761,APPL,798,1620
1473412761,APPL,798,1620
1473412761,APPL,799,1550
1473412761,APPL,799,1550
1473412761,APPL,799,1550
1473412761,APPL,799,1550
1473412762,APPL,800,1636
1473412762,APPL,800,1636
1473412763,APPL,800,1636
1473412763,APPL,800,1636
1473412763,APPL,801,1687
1473412763,APPL,801,1687
1473412764,APPL,801,1687
1473412764,APPL,801,1687
1473412764,APPL,802,1505
1473412764,APPL,802,1505
1473412764,APPL,802,1505
1473412764,APPL,802,1505
1473412765,APPL,803,1575
1473412765,APPL,803,1575
1473412765,APPL,803,1575
1473412766,APPL,803,1575
1473412766,APPL,804,1539
1473412766,APPL,804,1539
1473412767,APPL,804,1539
1473412767,APPL,804,1539
1473412767,APPL,805,1668
1473412767,APPL,805,1668
1473412767,APPL,805,1668
1473412768,APPL,805,1668
1473412768,APPL,806,1575
1473412768,APPL,806,1575
1473412768,APPL,806,1575
1473412769,APPL,806,1575
1473412769,APPL,807,1672
1473412769,APPL,807,1672
1473412769,APPL,807,1672
1473412770,APPL,807,1672
1473412770,APPL,808,1689
1473412770,APPL,808,1689
1473412771,APPL,808,1689
1473412771,APPL,808,1689
1473412771,APPL,809,1589
1473412771,APPL,809,1589
1473412772,APPL,809,1589
1473412772,APPL,809,1589
1473412772,APPL,810,1620
1473412772,APPL,810,1620
1473412772,APPL,810,1620
1473412773,APPL,810,1620
1473412773,APPL,811,1572
1473412773,APPL,811,1572
1473412773,APPL,811,1572
1473412774,APPL,811,1572
1473412774,APPL,812,1565
1473412774,APPL,812,1565
1473412774,APPL,812,1565
1473412774,APPL,812,1565
1473412775,APPL,813,1589
1473412775,APPL,813,1589
1473412775,APPL,813,1589
1473412776,APPL,813,1589
1473412776,APPL,814,1532
1473412776,APPL,814,1532
1473412777,APPL,814,1532
1473412777,APPL,814,1532
1473412777,APPL,815,1513
1473412777,APPL,815,1513
1473412777,APPL,815,1513
1473412777,APPL,815,1513
1473412778,APPL,816,1666
1473412778,APPL,816,1666
1473412778,APPL,816,1666
1473412779,APPL,816,1666
1473412779,APPL,817,1589
1473412779,APPL,817,1589
1473412779,APPL,817,1589
1473412779,APPL,817,1589
1473412780,APPL,818,1525
1473412780,APPL,818,1525
1473412780,APPL,818,1525
1473412781,APPL,818,1525
1473412781,APPL,819,1694
1473412782,APPL,819,1694
1473412782,APPL,819,1694
1473412782,APPL,819,1694
1473412782,APPL,820,1525
1473412782,APPL,820,1525
1473412783,APPL,820,1525
1473412783,APPL,820,1525
1473412783,APPL,821,1512
1473412783,APPL,821,1512
1473412783,APPL,821,1512
1473412784,APPL,821,1512
1473412784,APPL,822,1553
1473412784,APPL,822,1553
1473412785,APPL,822,1553
1473412785,APPL,822,1553
1473412785,APPL,823,1521
1473412785,APPL,823,1521
1473412785,APPL,823,1521
1473412786,APPL,823,1521
1473412786,APPL,824,1529
1473412786,APPL,824,1529
1473412786,APPL,824,1529
1473412787,APPL,824,1529
1473412787,APPL,825,1663
1473412787,APPL,825,1663
1473412787,APPL,825,1663
1473412788,APPL,825,1663
1473412788,APPL,826,1593
1473412788,APPL,826,1593
1473412788,APPL,826,1593
1473412789,APPL,826,1593
1473412789,APPL,827,1697
1473412789,APPL,827,1697
1473412789,APPL,827,1697
1473412789,APPL,827,1697
1473412790,APPL,828,1556
1473412790,APPL,828,1556
1473412790,APPL,828,1556
1473412790,APPL,828,1556
1473412791,APPL,829,1632
1473412791,APPL,829,1632
1473412792,APPL,829,1632
1473412792,APPL,829,1632
1473412792,APPL,830,1532
1473412792,APPL,830,1532
1473412792,APPL,830,1532
1473412793,APPL,830,1532
1473412793,APPL,831,1552
1473412793,APPL,831,1552
1473412793,APPL,831,1552
1473412794,APPL,831,1552
1473412794,APPL,832,1611
1473412794,APPL,832,1611
1473412795,APPL,832,1611
1473412795,APPL,832,1611
1473412795,APPL,833,1634
1473412795,APPL,833,1634
1473412795,APPL,833,1634
1473412796,APPL,833,1634
1473412796,APPL,834,1682
1473412796,APPL,834,1682
1473412797,APPL,834,1682
1473412797,APPL,834,1682
1473412797,APPL,835,1684
1473412797,APPL,835,1684
1473412797,APPL,835,1684
1473412797,APPL,835,1684
1473412798,APPL,836,1524
1473412798,APPL,836,1524
1473412798,APPL,836,1524
1473412799,APPL,836,1524
1473412799,APPL,837,1653
1473412800,APPL,837,1653
1473412800,APPL,837,1653
1473412800,APPL,837,1653
1473412800,APPL,838,1523
1473412800,APPL,838,1523
1473412800,APPL,838,1523
1473412801,APPL,838,1523
1473412801,APPL,839,1664
1473412801,APPL,839,1664
1473412801,APPL,839,1664
1473412801,APPL,839,1664
1473412802,APPL,840,1614
1473412802,APPL,840,1614
1473412802,APPL,840,1614
1473412803,APPL,840,1614
1473412803,APPL,841,1548
1473412804,APPL,841,1548
1473412804,APPL,841,1548
1473412804,APPL,841,1548
1473412804,APPL,842,1600
1473412805,APPL,842,1600
1473412805,APPL,842,1600
1473412805,APPL,842,1600
1473412805,APPL,843,1651
1473412805,APPL,843,1651
1473412805,APPL,843,1651
1473412806,APPL,843,1651
1473412806,APPL,844,1543
1473412806,APPL,844,1543
1473412806,APPL,844,1543
1473412806,APPL,844,1543
1473412807,APPL,845,1503
1473412807,APPL,845,1503
1473412807,APPL,845,1503
1473412807,APPL,845,1503
1473412808,APPL,846,1569
1473412808,APPL,846,1569
1473412809,APPL,846,1569
1473412809,APPL,846,1569
1473412809,APPL,847,1640
1473412809,APPL,847,1640
1473412809,APPL,847,1640
1473412809,APPL,847,1640
1473412810,APPL,848,1569
1473412810,APPL,848,1569
1473412810,APPL,848,1569
1473412811,APPL,848,1569
1473412811,APPL,849,1638
1473412811,APPL,849,1638
1473412812,APPL,849,1638
1473412812,APPL,849,1638
1473412812,APPL,850,1574
1473412812,APPL,850,1574
1473412812,APPL,850,1574
1473412812,APPL,850,1574
1473412813,APPL,851,1630
1473412813,APPL,851,1630
1473412813,APPL,851,1630
1473412814,APPL,851,1630
1473412814,APPL,852,1651
1473412814,APPL,852,1651
1473412815,APPL,852,1651
1473412815,APPL,852,1651
1473412815,APPL,853,1670
1473412815,APPL,853,1670
1473412816,APPL,853,1670
1473412816,APPL,853,1670
1473412816,APPL,854,1619
1473412816,APPL,854,1619
1473412816,APPL,854,1619
1473412816,APPL,854,1619
1473412817,APPL,855,1603
1473412817,APPL,855,1603
1473412817,APPL,855,1603
1473412818,APPL,855,1603
1473412818,APPL,856,1690
1473412818,APPL,856,1690
1473412818,APPL,856,1690
1473412819,APPL,856,1690
1473412819,APPL,857,1649
1473412819,APPL,857,1649
1473412819,APPL,857,1649
1473412820,APPL,857,1649
1473412820,APPL,858,1534
1473412820,APPL,858,1534
1473412820,APPL,858,1534
1473412820,APPL,858,1534
1473412821,APPL,859,1617
1473412821,APPL,859,1617
1473412821,APPL,859,1617
1473412822,APPL,859,1617
1473412822,APPL,860,1569
1473412823,APPL,860,1569
1473412823,APPL,860,1569
1473412823,APPL,860,1569
1473412823,APPL,861,1677
1473412823,APPL,861,1677
1473412823,APPL,861,1677
1473412823,APPL,861,1677
1473412824,APPL,862,1601
1473412825,APPL,862,1601
1473412825,APPL,862,1601
1473412825,APPL,862,1601
1473412825,APPL,863,1587
1473412825,APPL,863,1587
1473412825,APPL,863,1587
1473412826,APPL,863,1587
1473412826,APPL,864,1638
1473412826,APPL,864,1638
1473412827,APPL,864,1638
1473412827,APPL,864,1638
1473412827,APPL,865,1586
1473412827,APPL,865,1586
1473412827,APPL,865,1586
1473412828,APPL,865,1586
1473412828,APPL,866,1530
1473412828,APPL,866,1530
1473412828,APPL,866,1530
1473412829,APPL,866,1530
1473412830,APPL,867,1652
1473412830,APPL,867,1652
1473412830,APPL,867,1652
1473412830,APPL,867,1652
1473412830,APPL,868,1568
1473412831,APPL,868,1568
1473412831,APPL,868,1568
1473412831,APPL,868,1568
1473412831,APPL,869,1592
1473412831,APPL,869,1592
1473412832,APPL,869,1592
1473412832,APPL,869,1592
1473412832,APPL,870,1667
1473412832,APPL,870,1667
1473412832,APPL,870,1667
1473412832,APPL,870,1667
1473412833,APPL,871,1638
1473412833,APPL,871,1638
1473412833,APPL,871,1638
1473412834,APPL,871,1638
1473412834,APPL,872,1597
1473412834,APPL,872,1597
1473412834,APPL,872,1597
1473412835,APPL,872,1597
1473412835,APPL,873,1583
1473412835,APPL,873,1583
1473412835,APPL,873,1583
1473412836,APPL,873,1583
1473412836,APPL,874,1637
1473412836,APPL,874,1637
1473412836,APPL,874,1637
1473412836,APPL,874,1637
1473412837,APPL,875,1682
1473412837,APPL,875,1682
1473412838,APPL,875,1682
1473412838,APPL,875,1682
1473412838,APPL,876,1642
1473412838,APPL,876,1642
1473412838,APPL,876,1642
1473412839,APPL,876,1642
1473412839,APPL,877,1632
1473412839,APPL,877,1632
1473412840,APPL,877,1632
1473412840,APPL,877,1632
1473412840,APPL,878,1664
1473412840,APPL,878,1664
1473412841,APPL,878,1664
1473412841,APPL,878,1664
1473412841,APPL,879,1693
1473412842,APPL,879,1693
1473412842,APPL,879,1693
1473412842,APPL,879,1693
1473412842,APPL,880,1545
1473412842,APPL,880,1545
1473412842,APPL,880,1545
1473412842,APPL,880,1545
1473412843,APPL,881,1689
1473412843,APPL,881,1689
1473412843,APPL,881,1689
1473412844,APPL,881,1689
1473412844,APPL,882,1689
1473412845,APPL,882,1689
1473412845,APPL,882,1689
1473412845,APPL,882,1689
1473412845,APPL,883,1544
1473412845,APPL,883,1544
1473412846,APPL,883,1544
1473412846,APPL,883,1544
1473412846,APPL,884,1667
1473412846,APPL,884,1667
1473412846,APPL,884,1667
1473412847,APPL,884,1667
1473412847,APPL,885,1579
1473412847,APPL,885,1579
1473412847,APPL,885,1579
1473412847,APPL,885,1579
1473412848,APPL,886,1572
1473412848,APPL,886,1572
1473412849,APPL,886,1572
1473412849,APPL,886,1572
1473412849,APPL,887,1617
1473412849,APPL,887,1617
1473412849,APPL,887,1617
1473412850,APPL,887,1617
1473412850,APPL,888,1563
1473412850,APPL,888,1563
1473412850,APPL,888,1563
1473412850,APPL,888,1563
1473412851,APPL,889,1663
1473412851,APPL,889,1663
1473412852,APPL,889,1663
1473412852,APPL,889,1663
1473412852,APPL,890,1577
1473412852,APPL,890,1577
1473412852,APPL,890,1577
1473412852,APPL,890,1577
1473412853,APPL,891,1512
1473412853,APPL,891,1512
1473412853,APPL,891,1512
1473412853,APPL,891,1512
1473412854,APPL,892,1668
1473412854,APPL,892,1668
1473412855,APPL,892,1668
1473412855,APPL,892,1668
1473412855,APPL,893,1699
1473412855,APPL,893,1699
1473412856,APPL,893,1699
1473412856,APPL,893,1699
1473412856,APPL,894,1547
1473412856,APPL,894,1547
1473412856,APPL,894,1547
1473412857,APPL,894,1547
1473412857,APPL,895,1537
1473412857,APPL,895,1537
1473412858,APPL,895,1537
1473412858,APPL,895,1537
1473412858,APPL,896,1596
1473412858,APPL,896,1596
1473412859,APPL,896,1596
1473412859,APPL,896,1596
1473412859,APPL,897,1638
1473412859,APPL,897,1638
1473412859,APPL,897,1638
1473412860,APPL,897,1638
1473412860,APPL,898,1514
1473412860,APPL,898,1514
1473412861,APPL,898,1514
1473412861,APPL,898,1514
1473412861,APPL,899,1554
1473412861,APPL,899,1554
1473412861,APPL,899,1554
1473412861,APPL,899,1554
1473412862,APPL,900,1697
1473412862,APPL,900,1697
1473412862,APPL,900,1697
1473412863,APPL,900,1697
1473412863,APPL,901,1574
1473412863,APPL,901,1574
1473412864,APPL,901,1574
1473412864,APPL,901,1574
1473412864,APPL,902,1684
1473412864,APPL,902,1684
1473412864,APPL,902,1684
1473412864,APPL,902,1684
1473412865,APPL,903,1689
1473412865,APPL,903,1689
1473412865,APPL,903,1689
1473412866,APPL,903,1689
1473412866,APPL,904,1573
1473412867,APPL,904,1573
1473412867,APPL,904,1573
1473412867,APPL,904,1573
1473412867,APPL,905,1618
1473412867,APPL,905,1618
1473412867,APPL,905,1618
1473412868,APPL,905,1618
1473412868,APPL,906,1619
1473412868,APPL,906,1619
1473412868,APPL,906,1619
1473412868,APPL,906,1619
1473412869,APPL,907,1532
1473412869,APPL,907,1532
1473412870,APPL,907,1532
1473412870,APPL,907,1532
1473412870,APPL,908,1524
1473412870,APPL,908,1524
1473412871,APPL,908,1524
1473412871,APPL,908,1524
1473412871,APPL,909,1578
1473412871,APPL,909,1578
1473412871,APPL,909,1578
1473412871,APPL,909,1578
1473412872,APPL,910,1513
1473412872,APPL,910,1513
1473412872,APPL,910,1513
1473412873,APPL,910,1513
1473412873,APPL,911,1582
1473412873,APPL,911,1582
1473412874,APPL,911,1582
1473412874,APPL,911,1582
1473412874,APPL,912,1585
1473412874,APPL,912,1585
1473412874,APPL,912,1585
1473412874,APPL,912,1585
1473412875,APPL,913,1602
1473412875,APPL,913,1602
1473412875,APPL,913,1602
1473412876,APPL,913,1602
1473412876,APPL,914,1628
1473412876,APPL,914,1628
1473412877,APPL,914,1628
1473412877,APPL,914,1628
1473412877,APPL,915,1525
1473412877,APPL,915,1525
1473412877,APPL,915,1525
1473412878,APPL,915,1525
1473412878,APPL,916,1643
1473412878,APPL,916,1643
1473412879,APPL,916,1643
1473412879,APPL,916,1643
1473412879,APPL,917,1510
1473412879,APPL,917,1510
1473412879,APPL,917,1510
1473412879,APPL,917,1510
1473412880,APPL,918,1589
1473412880,APPL,918,1589
1473412880,APPL,918,1589
1473412881,APPL,918,1589
1473412881,APPL,919,1612
1473412881,APPL,919,1612
1473412881,APPL,919,1612
1473412881,APPL,919,1612
1473412882,APPL,920,1612
1473412882,APPL,920,1612
1473412882,APPL,920,1612
1473412882,APPL,920,1612
1473412883,APPL,921,1619
1473412883,APPL,921,1619
1473412883,APPL,921,1619
1473412883,APPL,921,1619
1473412884,APPL,922,1578
1473412884,APPL,922,1578
1473412884,APPL,922,1578
1473412885,APPL,922,1578
1473412885,APPL,923,1652
1473412885,APPL,923,1652
1473412886,APPL,923,1652
1473412886,APPL,923,1652
1473412886,APPL,924,1612
1473412886,APPL,924,1612
1473412886,APPL,924,1612
1473412886,APPL,924,1612
1473412887,APPL,925,1528
1473412887,APPL,925,1528
1473412887,APPL,925,1528
1473412888,APPL,925,1528
1473412888,APPL,926,1579
1473412888,APPL,926,1579
1473412888,APPL,926,1579
1473412888,APPL,926,1579
1473412889,APPL,927,1663
1473412889,APPL,927,1663
1473412889,APPL,927,1663
1473412890,APPL,927,1663
1473412890,APPL,928,1599
1473412890,APPL,928,1599
1473412891,APPL,928,1599
1473412891,APPL,928,1599
1473412891,APPL,929,1511
1473412891,APPL,929,1511
1473412891,APPL,929,1511
1473412891,APPL,929,1511
1473412892,APPL,930,1639
1473412892,APPL,930,1639
1473412892,APPL,930,1639
1473412893,APPL,930,1639
1473412893,APPL,931,1694
1473412893,APPL,931,1694
1473412893,APPL,931,1694
1473412894,APPL,931,1694
1473412894,APPL,932,1695
1473412894,APPL,932,1695
1473412894,APPL,932,1695
1473412894,APPL,932,1695
1473412895,APPL,933,1519
1473412895,APPL,933,1519
1473412896,APPL,933,1519
1473412896,APPL,933,1519
1473412896,APPL,934,1532
1473412896,APPL,934,1532
1473412897,APPL,934,1532
1473412897,APPL,934,1532
1473412897,APPL,935,1651
1473412897,APPL,935,1651
1473412897,APPL,935,1651
1473412898,APPL,935,1651
1473412898,APPL,936,1531
1473412898,APPL,936,1531
1473412898,APPL,936,1531
1473412899,APPL,936,1531
1473412899,APPL,937,1569
1473412899,APPL,937,1569
1473412900,APPL,937,1569
1473412900,APPL,937,1569
1473412900,APPL,938,1686
1473412900,APPL,938,1686
1473412900,APPL,938,1686
1473412901,APPL,939,1619
1473412901,APPL,939,1619
1473412901,APPL,939,1619
1473412902,APPL,939,1619
1473412902,APPL,940,1681
1473412902,APPL,940,1681
1473412902,APPL,940,1681
1473412902,APPL,940,1681
1473412903,APPL,941,1647
1473412903,APPL,941,1647
1473412903,APPL,941,1647
1473412904,APPL,941,1647
1473412904,APPL,942,1588
1473412904,APPL,942,1588
1473412904,APPL,942,1588
1473412905,APPL,942,1588
1473412905,APPL,943,1524
1473412905,APPL,943,1524
1473412905,APPL,943,1524
1473412905,APPL,943,1524
1473412906,APPL,944,1670
1473412906,APPL,944,1670
1473412907,APPL,944,1670
1473412907,APPL,944,1670
1473412908,APPL,945,1622
1473412908,APPL,945,1622
1473412908,APPL,945,1622
1473412908,APPL,945,1622
1473412908,APPL,946,1552
1473412908,APPL,946,1552
1473412908,APPL,946,1552
1473412909,APPL,946,1552
1473412909,APPL,947,1697
1473412909,APPL,947,1697
1473412909,APPL,947,1697
1473412909,APPL,947,1697
1473412910,APPL,948,1693
1473412910,APPL,948,1693
1473412910,APPL,948,1693
1473412911,APPL,948,1693
1473412911,APPL,949,1534
1473412911,APPL,949,1534
1473412911,APPL,949,1534
1473412912,APPL,949,1534
1473412912,APPL,950,1682
1473412912,APPL,950,1682
1473412913,APPL,950,1682
1473412913,APPL,950,1682
1473412913,APPL,951,1584
1473412913,APPL,951,1584
1473412913,APPL,951,1584
1473412914,APPL,951,1584
1473412914,APPL,952,1679
1473412914,APPL,952,1679
1473412914,APPL,952,1679
1473412915,APPL,952,1679
1473412915,APPL,953,1552
1473412915,APPL,953,1552
1473412915,APPL,953,1552
1473412916,APPL,953,1552
1473412916,APPL,954,1547
1473412916,APPL,954,1547
1473412916,APPL,954,1547
1473412917,APPL,954,1547
1473412917,APPL,955,1681
1473412917,APPL,955,1681
1473412917,APPL,955,1681
1473412917,APPL,955,1681
1473412918,APPL,956,1542
1473412919,APPL,956,1542
1473412919,APPL,956,1542
1473412919,APPL,956,1542
1473412919,APPL,957,1528
1473412919,APPL,957,1528
1473412919,APPL,957,1528
1473412919,APPL,957,1528
1473412920,APPL,958,1563
1473412920,APPL,958,1563
1473412920,APPL,958,1563
1473412920,APPL,958,1563
1473412921,APPL,959,1647
1473412921,APPL,959,1647
1473412922,APPL,959,1647
1473412922,APPL,959,1647
1473412922,APPL,960,1588
1473412923,APPL,960,1588
1473412923,APPL,960,1588
1473412923,APPL,960,1588
1473412923,APPL,961,1520
1473412923,APPL,961,1520
1473412924,APPL,961,1520
1473412924,APPL,961,1520
1473412924,APPL,962,1509
1473412924,APPL,962,1509
1473412924,APPL,962,1509
1473412924,APPL,962,1509
1473412925,APPL,963,1671
1473412926,APPL,963,1671
1473412926,APPL,963,1671
1473412926,APPL,963,1671
1473412926,APPL,964,1611
1473412926,APPL,964,1611
1473412926,APPL,964,1611
1473412927,APPL,964,1611
1473412927,APPL,965,1549
1473412927,APPL,965,1549
1473412927,APPL,965,1549
1473412927,APPL,965,1549
1473412928,APPL,966,1620
1473412928,APPL,966,1620
1473412928,APPL,966,1620
1473412928,APPL,966,1620
1473412929,APPL,967,1526
1473412929,APPL,967,1526
1473412929,APPL,967,1526
1473412930,APPL,967,1526
1473412930,APPL,968,1651
1473412930,APPL,968,1651
1473412931,APPL,968,1651
1473412931,APPL,968,1651
1473412931,APPL,969,1511
1473412931,APPL,969,1511
1473412931,APPL,969,1511
1473412932,APPL,969,1511
1473412932,APPL,970,1649
1473412932,APPL,970,1649
1473412933,APPL,970,1649
1473412933,APPL,970,1649
1473412933,APPL,971,1696
1473412933,APPL,971,1696
1473412934,APPL,971,1696
1473412934,APPL,971,1696
1473412934,APPL,972,1596
1473412934,APPL,972,1596
1473412934,APPL,972,1596
1473412935,APPL,972,1596
1473412935,APPL,973,1664
1473412935,APPL,973,1664
1473412935,APPL,973,1664
1473412936,APPL,973,1664
1473412936,APPL,974,1539
1473412936,APPL,974,1539
1473412937,APPL,974,1539
1473412937,APPL,974,1539
1473412937,APPL,975,1654
1473412937,APPL,975,1654
1473412938,APPL,975,1654
1473412938,APPL,975,1654
1473412938,APPL,976,1573
1473412938,APPL,976,1573
1473412939,APPL,976,1573
1473412939,APPL,976,1573
1473412939,APPL,977,1695
1473412939,APPL,977,1695
1473412939,APPL,977,1695
1473412939,APPL,977,1695
1473412940,APPL,978,1584
1473412941,APPL,978,1584
1473412941,APPL,978,1584
1473412941,APPL,978,1584
1473412941,APPL,979,1607
1473412941,APPL,979,1607
1473412942,APPL,979,1607
1473412942,APPL,979,1607
1473412942,APPL,980,1676
1473412942,APPL,980,1676
1473412942,APPL,980,1676
1473412943,APPL,980,1676
1473412943,APPL,981,1665
1473412943,APPL,981,1665
1473412943,APPL,981,1665
1473412943,APPL,981,1665
1473412944,APPL,982,1540
1473412944,APPL,982,1540
1473412945,APPL,982,1540
1473412945,APPL,982,1540
1473412945,APPL,983,1546
1473412945,APPL,983,1546
1473412945,APPL,983,1546
1473412945,APPL,983,1546
1473412946,APPL,984,1646
1473412946,APPL,984,1646
1473412946,APPL,984,1646
1473412946,APPL,984,1646
1473412947,APPL,985,1648
1473412947,APPL,985,1648
1473412947,APPL,985,1648
1473412948,APPL,985,1648
1473412948,APPL,986,1647
1473412948,APPL,986,1647
1473412949,APPL,986,1647
1473412949,APPL,986,1647
1473412949,APPL,987,1602
1473412949,APPL,987,1602
1473412950,APPL,987,1602
1473412950,APPL,987,1602
1473412950,APPL,988,1562
1473412950,APPL,988,1562
1473412950,APPL,988,1562
1473412951,APPL,988,1562
1473412951,APPL,989,1629
1473412951,APPL,989,1629
1473412951,APPL,989,1629
1473412951,APPL,989,1629
1473412952,APPL,990,1683
1473412953,APPL,990,1683
1473412953,APPL,990,1683
1473412953,APPL,990,1683
1473412953,APPL,991,1649
1473412953,APPL,991,1649
1473412953,APPL,991,1649
1473412954,APPL,991,1649
1473412954,APPL,992,1698
1473412954,APPL,992,1698
1473412954,APPL,992,1698
1473412955,APPL,992,1698
1473412955,APPL,993,1566
1473412955,APPL,993,1566
1473412955,APPL,993,1566
1473412955,APPL,993,1566
1473412956,APPL,994,1597
1473412956,APPL,994,1597
1473412957,APPL,994,1597
1473412957,APPL,994,1597
1473412957,APPL,995,1641
1473412957,APPL,995,1641
1473412957,APPL,995,1641
1473412958,APPL,995,1641
1473412958,APPL,996,1581
1473412958,APPL,996,1581
1473412959,APPL,996,1581
1473412959,APPL,996,1581
1473412959,APPL,997,1674
1473412959,APPL,997,1674
1473412960,APPL,997,1674
1473412960,APPL,997,1674
1473412960,APPL,998,1680
1473412960,APPL,998,1680
1473412961,APPL,998,1680
1473412961,APPL,998,1680
1473412961,APPL,999,1509
1473412961,APPL,999,1509
1473412961,APPL,999,1509
1473412962,APPL,999,1509
